n_samples,idx,maxes
10,1,5
10,2,20
10,3,71
10,4,5
10,5,17
10,6,5
10,7,3
10,8,5
10,9,36
10,10,5
10,11,6
10,12,2
10,13,10
10,14,9
10,15,4
10,16,3
10,17,9
10,18,6
10,19,7
10,20,3
10,21,10
10,22,7
10,23,8
10,24,5
10,25,7
10,26,6
10,27,8
10,28,2
10,29,4
10,30,3
10,31,2
10,32,5
10,33,4
10,34,3
10,35,2
10,36,3
10,37,8
10,38,8
10,39,9
10,40,16
10,41,12
10,42,2
10,43,3
10,44,42
10,45,5
10,46,8
10,47,8
10,48,9
10,49,3
10,50,36
10,51,7
10,52,32
10,53,4
10,54,4
10,55,5
10,56,4
10,57,2
10,58,3
10,59,9
10,60,4
10,61,3
10,62,5
10,63,3
10,64,2
10,65,7
10,66,5
10,67,4
10,68,4
10,69,3
10,70,3
10,71,6
10,72,15
10,73,32
10,74,13
10,75,3
10,76,30
10,77,6
10,78,58
10,79,5
10,80,4
10,81,7
10,82,12
10,83,11
10,84,4
10,85,3
10,86,4
10,87,9
10,88,9
10,89,24
10,90,3
10,91,5
10,92,5
10,93,8
10,94,22
10,95,4
10,96,32
10,97,3
10,98,45
10,99,20
10,100,25
10,101,5
10,102,8
10,103,7
10,104,3
10,105,5
10,106,13
10,107,5
10,108,4
10,109,3
10,110,24
10,111,15
10,112,27
10,113,7
10,114,8
10,115,4
10,116,7
10,117,8
10,118,7
10,119,4
10,120,7
10,121,14
10,122,14
10,123,7
10,124,8
10,125,8
10,126,10
10,127,34
10,128,29
10,129,4
10,130,6
10,131,6
10,132,8
10,133,54
10,134,16
10,135,5
10,136,2
10,137,8
10,138,4
10,139,3
10,140,4
10,141,9
10,142,2
10,143,3
10,144,6
10,145,3
10,146,4
10,147,2
10,148,4
10,149,5
10,150,4
10,151,4
10,152,4
10,153,35
10,154,5
10,155,4
10,156,12
10,157,4
10,158,6
10,159,3
10,160,12
10,161,8
10,162,4
10,163,3
10,164,2
10,165,39
10,166,12
10,167,10
10,168,19
10,169,3
10,170,4
10,171,10
10,172,7
10,173,19
10,174,21
10,175,4
10,176,4
10,177,3
10,178,5
10,179,4
10,180,5
10,181,8
10,182,19
10,183,17
10,184,5
10,185,2
10,186,2
10,187,5
10,188,4
10,189,7
10,190,2
10,191,40
10,192,7
10,193,7
10,194,3
10,195,7
10,196,13
10,197,11
10,198,4
10,199,14
10,200,53
10,201,9
10,202,7
10,203,7
10,204,3
10,205,11
10,206,10
10,207,8
10,208,10
10,209,4
10,210,15
10,211,2
10,212,2
10,213,8
10,214,4
10,215,6
10,216,221
10,217,4
10,218,9
10,219,4
10,220,3
10,221,12
10,222,6
10,223,3
10,224,3
10,225,6
10,226,8
10,227,5
10,228,18
10,229,3
10,230,3
10,231,14
10,232,12
10,233,3
10,234,3
10,235,12
10,236,4
10,237,2
10,238,10
10,239,31
10,240,30
10,241,30
10,242,2
10,243,25
10,244,16
10,245,3
10,246,5
10,247,2
10,248,2
10,249,178
10,250,4
10,251,7
10,252,15
10,253,6
10,254,16
10,255,10
10,256,18
10,257,4
10,258,10
10,259,5
10,260,6
10,261,3
10,262,6
10,263,3
10,264,8
10,265,10
10,266,11
10,267,3
10,268,5
10,269,10
10,270,8
10,271,4
10,272,4
10,273,2
10,274,6
10,275,3
10,276,18
10,277,3
10,278,8
10,279,5
10,280,26
10,281,6
10,282,4
10,283,15
10,284,4
10,285,14
10,286,12
10,287,3
10,288,5
10,289,4
10,290,10
10,291,14
10,292,7
10,293,3
10,294,15
10,295,5
10,296,3
10,297,3
10,298,6
10,299,3
10,300,7
10,301,2
10,302,5
10,303,18
10,304,4
10,305,6
10,306,9
10,307,9
10,308,10
10,309,7
10,310,40
10,311,9
10,312,12
10,313,9
10,314,3
10,315,6
10,316,26
10,317,17
10,318,6
10,319,10
10,320,5
10,321,4
10,322,30
10,323,4
10,324,11
10,325,11
10,326,2
10,327,4
10,328,11
10,329,16
10,330,6
10,331,5
10,332,6
10,333,4
10,334,5
10,335,9
10,336,3
10,337,4
10,338,10
10,339,10
10,340,6
10,341,6
10,342,6
10,343,3
10,344,4
10,345,2
10,346,52
10,347,3
10,348,10
10,349,21
10,350,5
10,351,13
10,352,4
10,353,4
10,354,6
10,355,13
10,356,23
10,357,4
10,358,4
10,359,5
10,360,3
10,361,3
10,362,24
10,363,5
10,364,5
10,365,13
10,366,4
10,367,4
10,368,4
10,369,3
10,370,16
10,371,5
10,372,8
10,373,20
10,374,3
10,375,11
10,376,11
10,377,16
10,378,2
10,379,5
10,380,27
10,381,8
10,382,8
10,383,12
10,384,2
10,385,7
10,386,67
10,387,8
10,388,5
10,389,12
10,390,9
10,391,4
10,392,8
10,393,3
10,394,12
10,395,9
10,396,16
10,397,3
10,398,12
10,399,5
10,400,20
10,401,5
10,402,13
10,403,5
10,404,9
10,405,23
10,406,10
10,407,28
10,408,247
10,409,6
10,410,3
10,411,14
10,412,9
10,413,8
10,414,5
10,415,4
10,416,3
10,417,2
10,418,552
10,419,8
10,420,7
10,421,9
10,422,4
10,423,7
10,424,13
10,425,3
10,426,10
10,427,3
10,428,13
10,429,5
10,430,6
10,431,13
10,432,84
10,433,6
10,434,3
10,435,6
10,436,2
10,437,9
10,438,25
10,439,18
10,440,3
10,441,11
10,442,7
10,443,3
10,444,6
10,445,5
10,446,3
10,447,26
10,448,6
10,449,8
10,450,16
10,451,60
10,452,106
10,453,13
10,454,31
10,455,44
10,456,7
10,457,9
10,458,4
10,459,27
10,460,8
10,461,6
10,462,6
10,463,12
10,464,10
10,465,4
10,466,8
10,467,3
10,468,4
10,469,29
10,470,4
10,471,8
10,472,28
10,473,6
10,474,103
10,475,4
10,476,4
10,477,3
10,478,11
10,479,5
10,480,17
10,481,2
10,482,6
10,483,5
10,484,8
10,485,3
10,486,5
10,487,3
10,488,13
10,489,3
10,490,3
10,491,38
10,492,6
10,493,8
10,494,3
10,495,9
10,496,8
10,497,5
10,498,5
10,499,5
10,500,79
10,501,2
10,502,8
10,503,4
10,504,18
10,505,4
10,506,4
10,507,5
10,508,6
10,509,8
10,510,6
10,511,7
10,512,3
10,513,5
10,514,6
10,515,2
10,516,11
10,517,7
10,518,19
10,519,5
10,520,8
10,521,3
10,522,6
10,523,3
10,524,3
10,525,4
10,526,7
10,527,9
10,528,5
10,529,4
10,530,8
10,531,32
10,532,3
10,533,14
10,534,3
10,535,4
10,536,7
10,537,6
10,538,5
10,539,9
10,540,8
10,541,7
10,542,5
10,543,53
10,544,98
10,545,2
10,546,4
10,547,5
10,548,5
10,549,9
10,550,2
10,551,6
10,552,13
10,553,7
10,554,7
10,555,7
10,556,7
10,557,3
10,558,4
10,559,12
10,560,5
10,561,4
10,562,27
10,563,3
10,564,3
10,565,5
10,566,9
10,567,11
10,568,2
10,569,5
10,570,4
10,571,5
10,572,5
10,573,6
10,574,6
10,575,3
10,576,11
10,577,10
10,578,4
10,579,6
10,580,2
10,581,9
10,582,15
10,583,4
10,584,7
10,585,2
10,586,49
10,587,22
10,588,28
10,589,3
10,590,12
10,591,24
10,592,7
10,593,4
10,594,16
10,595,2
10,596,7
10,597,41
10,598,11
10,599,3
10,600,3
10,601,5
10,602,5
10,603,16
10,604,2
10,605,29
10,606,56
10,607,3
10,608,7
10,609,5
10,610,16
10,611,3
10,612,9
10,613,16
10,614,6
10,615,6
10,616,17
10,617,13
10,618,10
10,619,4
10,620,11
10,621,6
10,622,12
10,623,6
10,624,6
10,625,5
10,626,8
10,627,5
10,628,10
10,629,62
10,630,5
10,631,2
10,632,64
10,633,3
10,634,4
10,635,7
10,636,7
10,637,22
10,638,5
10,639,5
10,640,4
10,641,4
10,642,10
10,643,57
10,644,8
10,645,25
10,646,5
10,647,8
10,648,8
10,649,8
10,650,17
10,651,8
10,652,6
10,653,6
10,654,7
10,655,6
10,656,9
10,657,3
10,658,4
10,659,7
10,660,6
10,661,20
10,662,4
10,663,10
10,664,4
10,665,11
10,666,4
10,667,10
10,668,3
10,669,8
10,670,27
10,671,6
10,672,9
10,673,11
10,674,4
10,675,10
10,676,15
10,677,3
10,678,3
10,679,7
10,680,7
10,681,4
10,682,3
10,683,8
10,684,6
10,685,11
10,686,4
10,687,3
10,688,9
10,689,8
10,690,8
10,691,8
10,692,3
10,693,3
10,694,5
10,695,5
10,696,3
10,697,6
10,698,49
10,699,3
10,700,85
10,701,4
10,702,20
10,703,8
10,704,4
10,705,9
10,706,8
10,707,15
10,708,10
10,709,5
10,710,12
10,711,6
10,712,6
10,713,23
10,714,4
10,715,12
10,716,29
10,717,5
10,718,4
10,719,4
10,720,3
10,721,29
10,722,5
10,723,10
10,724,8
10,725,24
10,726,14
10,727,2
10,728,4
10,729,4
10,730,83
10,731,2
10,732,3
10,733,6
10,734,4
10,735,65
10,736,7
10,737,7
10,738,22
10,739,7
10,740,7
10,741,12
10,742,4
10,743,18
10,744,17
10,745,6
10,746,5
10,747,10
10,748,4
10,749,4
10,750,3
10,751,4
10,752,3
10,753,5
10,754,2
10,755,4
10,756,8
10,757,12
10,758,2
10,759,4
10,760,13
10,761,29
10,762,2
10,763,3
10,764,4
10,765,3
10,766,15
10,767,4
10,768,42
10,769,21
10,770,8
10,771,3
10,772,3
10,773,7
10,774,3
10,775,45
10,776,4
10,777,3
10,778,3
10,779,12
10,780,9
10,781,7
10,782,4
10,783,25
10,784,4
10,785,4
10,786,127
10,787,8
10,788,3
10,789,3
10,790,4
10,791,2
10,792,4
10,793,2
10,794,4
10,795,5
10,796,2
10,797,4
10,798,3
10,799,3
10,800,7
10,801,12
10,802,20
10,803,5
10,804,5
10,805,4
10,806,27
10,807,7
10,808,6
10,809,16
10,810,9
10,811,2
10,812,6
10,813,6
10,814,4
10,815,4
10,816,6
10,817,21
10,818,12
10,819,5
10,820,8
10,821,2
10,822,3
10,823,4
10,824,12
10,825,3
10,826,23
10,827,7
10,828,8
10,829,5
10,830,2
10,831,8
10,832,5
10,833,16
10,834,5
10,835,4
10,836,8
10,837,2
10,838,41
10,839,12
10,840,14
10,841,528
10,842,6
10,843,15
10,844,6
10,845,2
10,846,4
10,847,4
10,848,6
10,849,15
10,850,26
10,851,11
10,852,17
10,853,18
10,854,3
10,855,4
10,856,50
10,857,6
10,858,5
10,859,14
10,860,3
10,861,5
10,862,5
10,863,48
10,864,8
10,865,5
10,866,15
10,867,5
10,868,11
10,869,7
10,870,3
10,871,5
10,872,15
10,873,3
10,874,4
10,875,6
10,876,3
10,877,7
10,878,8
10,879,5
10,880,4
10,881,76
10,882,6
10,883,6
10,884,9
10,885,7
10,886,4
10,887,7
10,888,5
10,889,4
10,890,7
10,891,12
10,892,4
10,893,4
10,894,9
10,895,3
10,896,5
10,897,4
10,898,4
10,899,18
10,900,3
10,901,16
10,902,4
10,903,4
10,904,6
10,905,11
10,906,14
10,907,17
10,908,7
10,909,12
10,910,9
10,911,39
10,912,9
10,913,17
10,914,16
10,915,91
10,916,5
10,917,4
10,918,4
10,919,3
10,920,5
10,921,8
10,922,5
10,923,3
10,924,8
10,925,10
10,926,20
10,927,10
10,928,9
10,929,4
10,930,2
10,931,5
10,932,6
10,933,16
10,934,2
10,935,4
10,936,3
10,937,7
10,938,4
10,939,8
10,940,3
10,941,4
10,942,8
10,943,7
10,944,3
10,945,12
10,946,14
10,947,24
10,948,2
10,949,10
10,950,6
10,951,6
10,952,4
10,953,16
10,954,3
10,955,4
10,956,7
10,957,7
10,958,2
10,959,6
10,960,6
10,961,12
10,962,5
10,963,18
10,964,7
10,965,15
10,966,16
10,967,5
10,968,2
10,969,2
10,970,2
10,971,3
10,972,6
10,973,8
10,974,2
10,975,10
10,976,5
10,977,21
10,978,5
10,979,4
10,980,3
10,981,8
10,982,3
10,983,2
10,984,51
10,985,5
10,986,7
10,987,21
10,988,26
10,989,3
10,990,4
10,991,12
10,992,9
10,993,9
10,994,37
10,995,5
10,996,25
10,997,6
10,998,14
10,999,23
10,1000,4
100,1,15
100,2,18
100,3,84
100,4,26
100,5,43
100,6,56
100,7,14
100,8,40
100,9,10
100,10,206
100,11,19
100,12,40
100,13,62
100,14,82
100,15,27
100,16,29
100,17,63
100,18,22
100,19,10
100,20,46
100,21,75
100,22,29
100,23,16
100,24,24
100,25,39
100,26,7
100,27,26
100,28,50
100,29,21
100,30,21
100,31,80
100,32,27
100,33,27
100,34,15
100,35,11
100,36,31
100,37,6
100,38,22
100,39,46
100,40,23
100,41,13
100,42,33
100,43,30
100,44,17
100,45,15
100,46,192
100,47,23
100,48,78
100,49,202
100,50,85
100,51,44
100,52,28
100,53,10
100,54,62
100,55,131
100,56,34
100,57,32
100,58,18
100,59,88
100,60,56
100,61,13
100,62,18
100,63,16
100,64,15
100,65,26
100,66,92
100,67,107
100,68,37
100,69,650
100,70,10
100,71,49
100,72,12
100,73,35
100,74,29
100,75,24
100,76,50
100,77,14
100,78,15
100,79,76
100,80,14
100,81,11
100,82,14
100,83,13
100,84,38
100,85,27
100,86,97
100,87,20
100,88,17
100,89,35
100,90,54
100,91,85
100,92,14
100,93,45
100,94,56
100,95,153
100,96,66
100,97,10
100,98,89
100,99,20
100,100,103
100,101,12
100,102,18
100,103,30
100,104,351
100,105,19
100,106,40
100,107,478
100,108,18
100,109,161
100,110,17
100,111,40
100,112,31
100,113,25
100,114,28
100,115,71
100,116,127
100,117,26
100,118,38
100,119,22
100,120,60
100,121,19
100,122,68
100,123,31
100,124,74
100,125,32
100,126,28
100,127,18
100,128,48
100,129,28
100,130,12
100,131,42
100,132,25
100,133,33
100,134,46
100,135,8
100,136,260
100,137,19
100,138,38
100,139,28
100,140,27
100,141,21
100,142,13
100,143,69
100,144,12
100,145,82
100,146,70
100,147,30
100,148,22
100,149,37
100,150,95
100,151,11
100,152,44
100,153,18
100,154,22
100,155,123
100,156,74
100,157,32
100,158,30
100,159,13
100,160,26
100,161,106
100,162,43
100,163,123
100,164,89
100,165,58
100,166,25
100,167,22
100,168,22
100,169,23
100,170,14
100,171,21
100,172,140
100,173,29
100,174,14
100,175,77
100,176,211
100,177,76
100,178,31
100,179,45
100,180,27
100,181,50
100,182,22
100,183,17
100,184,199
100,185,12
100,186,89
100,187,41
100,188,75
100,189,19
100,190,16
100,191,43
100,192,23
100,193,20
100,194,179
100,195,13
100,196,73
100,197,25
100,198,40
100,199,8
100,200,11
100,201,67
100,202,457
100,203,183
100,204,20
100,205,27
100,206,15
100,207,15
100,208,49
100,209,9
100,210,26
100,211,20
100,212,70
100,213,448
100,214,13
100,215,15
100,216,16
100,217,35
100,218,14
100,219,11
100,220,17
100,221,92
100,222,187
100,223,108
100,224,21
100,225,54
100,226,42
100,227,44
100,228,23
100,229,32
100,230,47
100,231,42
100,232,154
100,233,29
100,234,12
100,235,26
100,236,39
100,237,37
100,238,160
100,239,21
100,240,33
100,241,66
100,242,61
100,243,18
100,244,255
100,245,17
100,246,44
100,247,11
100,248,25
100,249,129
100,250,22
100,251,46
100,252,10
100,253,31
100,254,23
100,255,17
100,256,89
100,257,17
100,258,14
100,259,15
100,260,10
100,261,14
100,262,21
100,263,35
100,264,11
100,265,29
100,266,534
100,267,24
100,268,20
100,269,15
100,270,147
100,271,16
100,272,15
100,273,20
100,274,7
100,275,16
100,276,24
100,277,10
100,278,29
100,279,39
100,280,24
100,281,13
100,282,19
100,283,25
100,284,11
100,285,25
100,286,19
100,287,22
100,288,22
100,289,17
100,290,21
100,291,25
100,292,27
100,293,38
100,294,9
100,295,33
100,296,27
100,297,22
100,298,151
100,299,37
100,300,10
100,301,12
100,302,12
100,303,10
100,304,35
100,305,110
100,306,34
100,307,34
100,308,10
100,309,111
100,310,20
100,311,17
100,312,18
100,313,69
100,314,26
100,315,40
100,316,17
100,317,152
100,318,70
100,319,73
100,320,10
100,321,34
100,322,19
100,323,22
100,324,61
100,325,25
100,326,9
100,327,20
100,328,25
100,329,118
100,330,29
100,331,115
100,332,36
100,333,140
100,334,193
100,335,31
100,336,57
100,337,36
100,338,21
100,339,20
100,340,20
100,341,41
100,342,79
100,343,24
100,344,50
100,345,46
100,346,38
100,347,34
100,348,11
100,349,12
100,350,15
100,351,16
100,352,58
100,353,20
100,354,197
100,355,28
100,356,12
100,357,40
100,358,14
100,359,25
100,360,50
100,361,9
100,362,67
100,363,23
100,364,10
100,365,11
100,366,29
100,367,85
100,368,856
100,369,452
100,370,12
100,371,14
100,372,30
100,373,12
100,374,13
100,375,16
100,376,10
100,377,26
100,378,436
100,379,90
100,380,39
100,381,39
100,382,13
100,383,58
100,384,53
100,385,15
100,386,18
100,387,27
100,388,32
100,389,78
100,390,47
100,391,26
100,392,212
100,393,22
100,394,24
100,395,6
100,396,27
100,397,55
100,398,28
100,399,106
100,400,17
100,401,24
100,402,23
100,403,77
100,404,16
100,405,40
100,406,48
100,407,48
100,408,61
100,409,34
100,410,16
100,411,34
100,412,16
100,413,22
100,414,493
100,415,13
100,416,26
100,417,31
100,418,241
100,419,17
100,420,25
100,421,11
100,422,22
100,423,29
100,424,18
100,425,41
100,426,19
100,427,91
100,428,210
100,429,19
100,430,32
100,431,16
100,432,20
100,433,93
100,434,53
100,435,47
100,436,57
100,437,16
100,438,56
100,439,234
100,440,33
100,441,25
100,442,78
100,443,20
100,444,216
100,445,22
100,446,33
100,447,28
100,448,31
100,449,14
100,450,25
100,451,41
100,452,39
100,453,29
100,454,40
100,455,16
100,456,228
100,457,22
100,458,31
100,459,13
100,460,15
100,461,14
100,462,303
100,463,61
100,464,43
100,465,18
100,466,15
100,467,56
100,468,31
100,469,57
100,470,18
100,471,23
100,472,7
100,473,68
100,474,23
100,475,30
100,476,24
100,477,33
100,478,13
100,479,557
100,480,11
100,481,44
100,482,9
100,483,35
100,484,55
100,485,20
100,486,232
100,487,21
100,488,95
100,489,39
100,490,28
100,491,38
100,492,376
100,493,14
100,494,14
100,495,24
100,496,19
100,497,84
100,498,22
100,499,16
100,500,42
100,501,16
100,502,303
100,503,16
100,504,37
100,505,29
100,506,11
100,507,79
100,508,10
100,509,45
100,510,25
100,511,37
100,512,9
100,513,71
100,514,77
100,515,36
100,516,22
100,517,56
100,518,53
100,519,38
100,520,38
100,521,19
100,522,28
100,523,22
100,524,26
100,525,56
100,526,25
100,527,19
100,528,15
100,529,52
100,530,45
100,531,34
100,532,37
100,533,41
100,534,14
100,535,35
100,536,17
100,537,29
100,538,15
100,539,24
100,540,90
100,541,52
100,542,32
100,543,15
100,544,21
100,545,20
100,546,86
100,547,13
100,548,45
100,549,37
100,550,38
100,551,113
100,552,18
100,553,21
100,554,38
100,555,24
100,556,518
100,557,18
100,558,17
100,559,803
100,560,15
100,561,65
100,562,13
100,563,25
100,564,26
100,565,44
100,566,17
100,567,17
100,568,16
100,569,26
100,570,34
100,571,119
100,572,13
100,573,33
100,574,22
100,575,12
100,576,49
100,577,31
100,578,9
100,579,44
100,580,18
100,581,18
100,582,103
100,583,19
100,584,36
100,585,32
100,586,15
100,587,44
100,588,13
100,589,15
100,590,10
100,591,14
100,592,18
100,593,13
100,594,21
100,595,30
100,596,28
100,597,25
100,598,12
100,599,15
100,600,18
100,601,26
100,602,93
100,603,37
100,604,755
100,605,19
100,606,19
100,607,112
100,608,37
100,609,42
100,610,88
100,611,35
100,612,18
100,613,15
100,614,15
100,615,12
100,616,22
100,617,21
100,618,11
100,619,39
100,620,65
100,621,27
100,622,27
100,623,22
100,624,35
100,625,35
100,626,26
100,627,12
100,628,36
100,629,100
100,630,39
100,631,20
100,632,14
100,633,20
100,634,23
100,635,14
100,636,15
100,637,63
100,638,31
100,639,209
100,640,19
100,641,32
100,642,35
100,643,14
100,644,53
100,645,57
100,646,20
100,647,31
100,648,131
100,649,38
100,650,34
100,651,8
100,652,52
100,653,32
100,654,18
100,655,33
100,656,516
100,657,30
100,658,18
100,659,20
100,660,19
100,661,30
100,662,43
100,663,24
100,664,23
100,665,31
100,666,41
100,667,57
100,668,37
100,669,17
100,670,15
100,671,31
100,672,12
100,673,11
100,674,106
100,675,85
100,676,39
100,677,31
100,678,29
100,679,9
100,680,52
100,681,21
100,682,41
100,683,17
100,684,83
100,685,24
100,686,10
100,687,33
100,688,53
100,689,44
100,690,14
100,691,28
100,692,46
100,693,18
100,694,21
100,695,21
100,696,16
100,697,33
100,698,477
100,699,6
100,700,40
100,701,34
100,702,13
100,703,17
100,704,30
100,705,38
100,706,32
100,707,127
100,708,41
100,709,17
100,710,27
100,711,46
100,712,17
100,713,12
100,714,20
100,715,10
100,716,13
100,717,10
100,718,21
100,719,27
100,720,11
100,721,31
100,722,21
100,723,31
100,724,38
100,725,45
100,726,24
100,727,20
100,728,37
100,729,250
100,730,25
100,731,39
100,732,35
100,733,901
100,734,25
100,735,33
100,736,28
100,737,8
100,738,27
100,739,28
100,740,16
100,741,40
100,742,7
100,743,66
100,744,52
100,745,13
100,746,24
100,747,255
100,748,684
100,749,16
100,750,17
100,751,23
100,752,18
100,753,20
100,754,38
100,755,31
100,756,34
100,757,223
100,758,26
100,759,23
100,760,128
100,761,22
100,762,22
100,763,14
100,764,52
100,765,21
100,766,34
100,767,23
100,768,351
100,769,30
100,770,8
100,771,48
100,772,196
100,773,71
100,774,21
100,775,190
100,776,44
100,777,31
100,778,49
100,779,149
100,780,41
100,781,13
100,782,19
100,783,146
100,784,68
100,785,70
100,786,30
100,787,110
100,788,64
100,789,21
100,790,44
100,791,26
100,792,12
100,793,72
100,794,9
100,795,70
100,796,39
100,797,30
100,798,9
100,799,19
100,800,10
100,801,35
100,802,21
100,803,27
100,804,18
100,805,29
100,806,37
100,807,14
100,808,17
100,809,29
100,810,45
100,811,19
100,812,28
100,813,38
100,814,34
100,815,2372
100,816,64
100,817,51
100,818,27
100,819,19
100,820,13
100,821,239
100,822,13
100,823,23
100,824,26
100,825,15
100,826,125
100,827,54
100,828,21
100,829,17
100,830,14
100,831,32
100,832,59
100,833,13
100,834,122
100,835,211
100,836,8
100,837,34
100,838,19
100,839,60
100,840,26
100,841,37
100,842,19
100,843,1865
100,844,89
100,845,40
100,846,364
100,847,63
100,848,29
100,849,32
100,850,11
100,851,32
100,852,80
100,853,8
100,854,33
100,855,37
100,856,61
100,857,12
100,858,28
100,859,32
100,860,24
100,861,72
100,862,15
100,863,807
100,864,19
100,865,65
100,866,33
100,867,8
100,868,40
100,869,24
100,870,31
100,871,49
100,872,31
100,873,49
100,874,33
100,875,41
100,876,184
100,877,14
100,878,16
100,879,33
100,880,53
100,881,13
100,882,20
100,883,11
100,884,34
100,885,25
100,886,55
100,887,7
100,888,19
100,889,14
100,890,22
100,891,15
100,892,84
100,893,155
100,894,53
100,895,15
100,896,24
100,897,95
100,898,28
100,899,35
100,900,39
100,901,26
100,902,29
100,903,42
100,904,22
100,905,18
100,906,47
100,907,24
100,908,42
100,909,39
100,910,42
100,911,106
100,912,17
100,913,170
100,914,22
100,915,124
100,916,15
100,917,27
100,918,50
100,919,34
100,920,26
100,921,20
100,922,30
100,923,18
100,924,61
100,925,33
100,926,37
100,927,27
100,928,17
100,929,26
100,930,39
100,931,38
100,932,67
100,933,163
100,934,23
100,935,43
100,936,12
100,937,30
100,938,26
100,939,61
100,940,12
100,941,54
100,942,45
100,943,254
100,944,20
100,945,13
100,946,96
100,947,15
100,948,335
100,949,30
100,950,19
100,951,14
100,952,12
100,953,16
100,954,17
100,955,24
100,956,14
100,957,16
100,958,146
100,959,9
100,960,21
100,961,23
100,962,12
100,963,22
100,964,10
100,965,98
100,966,49
100,967,82
100,968,19
100,969,17
100,970,83
100,971,41
100,972,749
100,973,12
100,974,36
100,975,14
100,976,36
100,977,26
100,978,132
100,979,123
100,980,21
100,981,54
100,982,40
100,983,24
100,984,129
100,985,17
100,986,119
100,987,22
100,988,32
100,989,40
100,990,178
100,991,17
100,992,24
100,993,52
100,994,29
100,995,90
100,996,12
100,997,12
100,998,16
100,999,57
100,1000,16
1000,1,135
1000,2,46
1000,3,52
1000,4,329
1000,5,79
1000,6,232
1000,7,612
1000,8,194
1000,9,161
1000,10,81
1000,11,109
1000,12,72
1000,13,119
1000,14,81
1000,15,152
1000,16,174
1000,17,129
1000,18,204
1000,19,44
1000,20,46
1000,21,271
1000,22,159
1000,23,74
1000,24,101
1000,25,116
1000,26,70
1000,27,177
1000,28,380
1000,29,76
1000,30,69
1000,31,236
1000,32,167
1000,33,34
1000,34,112
1000,35,401
1000,36,80
1000,37,128
1000,38,142
1000,39,336
1000,40,153
1000,41,111
1000,42,43
1000,43,127
1000,44,77
1000,45,117
1000,46,211
1000,47,68
1000,48,229
1000,49,69
1000,50,338
1000,51,158
1000,52,119
1000,53,116
1000,54,718
1000,55,320
1000,56,38
1000,57,125
1000,58,104
1000,59,217
1000,60,344
1000,61,83
1000,62,58
1000,63,52
1000,64,68
1000,65,230
1000,66,532
1000,67,112
1000,68,172
1000,69,98
1000,70,59
1000,71,207
1000,72,860
1000,73,92
1000,74,230
1000,75,275
1000,76,98
1000,77,121
1000,78,561
1000,79,71
1000,80,108
1000,81,58
1000,82,378
1000,83,133
1000,84,110
1000,85,100
1000,86,75
1000,87,199
1000,88,110
1000,89,128
1000,90,43
1000,91,95
1000,92,196
1000,93,69
1000,94,198
1000,95,266
1000,96,72
1000,97,600
1000,98,263
1000,99,72
1000,100,68
1000,101,106
1000,102,76
1000,103,207
1000,104,72
1000,105,84
1000,106,432
1000,107,79
1000,108,332
1000,109,280
1000,110,133
1000,111,334
1000,112,100
1000,113,174
1000,114,795
1000,115,368
1000,116,95
1000,117,327
1000,118,359
1000,119,205
1000,120,58
1000,121,87
1000,122,199
1000,123,1509
1000,124,92
1000,125,210
1000,126,109
1000,127,83
1000,128,172
1000,129,75
1000,130,581
1000,131,129
1000,132,192
1000,133,80
1000,134,577
1000,135,185
1000,136,612
1000,137,121
1000,138,31
1000,139,148
1000,140,156
1000,141,102
1000,142,122
1000,143,77
1000,144,32
1000,145,159
1000,146,69
1000,147,100
1000,148,586
1000,149,202
1000,150,119
1000,151,70
1000,152,153
1000,153,188
1000,154,810
1000,155,57
1000,156,672
1000,157,46
1000,158,133
1000,159,399
1000,160,327
1000,161,2059
1000,162,286
1000,163,166
1000,164,33
1000,165,218
1000,166,456
1000,167,103
1000,168,53
1000,169,125
1000,170,86
1000,171,110
1000,172,95
1000,173,706
1000,174,272
1000,175,588
1000,176,182
1000,177,55
1000,178,426
1000,179,307
1000,180,31
1000,181,150
1000,182,139
1000,183,165
1000,184,282
1000,185,106
1000,186,305
1000,187,132
1000,188,77
1000,189,25
1000,190,65
1000,191,72
1000,192,92
1000,193,106
1000,194,290
1000,195,362
1000,196,932
1000,197,88
1000,198,64
1000,199,49
1000,200,83
1000,201,116
1000,202,119
1000,203,67
1000,204,60
1000,205,100
1000,206,189
1000,207,159
1000,208,62
1000,209,327
1000,210,65
1000,211,187
1000,212,82
1000,213,3772
1000,214,145
1000,215,168
1000,216,347
1000,217,98
1000,218,74
1000,219,74
1000,220,963
1000,221,59
1000,222,99
1000,223,88
1000,224,181
1000,225,63
1000,226,1143
1000,227,226
1000,228,62
1000,229,48
1000,230,56
1000,231,135
1000,232,307
1000,233,364
1000,234,521
1000,235,242
1000,236,169
1000,237,248
1000,238,276
1000,239,192
1000,240,189
1000,241,840
1000,242,152
1000,243,114
1000,244,133
1000,245,177
1000,246,935
1000,247,122
1000,248,54
1000,249,337
1000,250,34
1000,251,55
1000,252,1477
1000,253,45
1000,254,96
1000,255,240
1000,256,921
1000,257,138
1000,258,157
1000,259,51
1000,260,125
1000,261,84
1000,262,71
1000,263,212
1000,264,79
1000,265,162
1000,266,153
1000,267,98
1000,268,91
1000,269,96
1000,270,81
1000,271,75
1000,272,118
1000,273,1249
1000,274,120
1000,275,151
1000,276,199
1000,277,407
1000,278,380
1000,279,159
1000,280,141
1000,281,104
1000,282,139
1000,283,102
1000,284,83
1000,285,64
1000,286,813
1000,287,92
1000,288,368
1000,289,101
1000,290,66
1000,291,218
1000,292,281
1000,293,79
1000,294,117
1000,295,197
1000,296,54
1000,297,300
1000,298,168
1000,299,2326
1000,300,121
1000,301,140
1000,302,243
1000,303,68
1000,304,101
1000,305,186
1000,306,410
1000,307,67
1000,308,133
1000,309,552
1000,310,76
1000,311,375
1000,312,75
1000,313,43
1000,314,119
1000,315,127
1000,316,301
1000,317,209
1000,318,137
1000,319,190
1000,320,170
1000,321,72
1000,322,137
1000,323,528
1000,324,60
1000,325,38
1000,326,352
1000,327,93
1000,328,178
1000,329,143
1000,330,304
1000,331,144
1000,332,76
1000,333,565
1000,334,134
1000,335,46
1000,336,64
1000,337,104
1000,338,50
1000,339,72
1000,340,101
1000,341,60
1000,342,112
1000,343,444
1000,344,150
1000,345,68
1000,346,106
1000,347,80
1000,348,21
1000,349,86
1000,350,179
1000,351,43
1000,352,133
1000,353,153
1000,354,171
1000,355,106
1000,356,132
1000,357,72
1000,358,231
1000,359,350
1000,360,146
1000,361,86
1000,362,117
1000,363,203
1000,364,770
1000,365,52
1000,366,94
1000,367,54
1000,368,64
1000,369,230
1000,370,84
1000,371,293
1000,372,102
1000,373,67
1000,374,80
1000,375,252
1000,376,1188
1000,377,160
1000,378,98
1000,379,314
1000,380,86
1000,381,53
1000,382,352
1000,383,42
1000,384,80
1000,385,44
1000,386,33
1000,387,170
1000,388,219
1000,389,78
1000,390,104
1000,391,267
1000,392,51
1000,393,85
1000,394,103
1000,395,140
1000,396,40
1000,397,98
1000,398,141
1000,399,293
1000,400,130
1000,401,138
1000,402,55
1000,403,97
1000,404,190
1000,405,63
1000,406,481
1000,407,75
1000,408,902
1000,409,464
1000,410,67
1000,411,408
1000,412,672
1000,413,75
1000,414,59
1000,415,78
1000,416,109
1000,417,32
1000,418,68
1000,419,114
1000,420,660
1000,421,46
1000,422,221
1000,423,180
1000,424,78
1000,425,76
1000,426,77
1000,427,325
1000,428,115
1000,429,145
1000,430,111
1000,431,199
1000,432,141
1000,433,394
1000,434,49
1000,435,140
1000,436,684
1000,437,304
1000,438,84
1000,439,463
1000,440,104
1000,441,815
1000,442,160
1000,443,801
1000,444,137
1000,445,6010
1000,446,55
1000,447,104
1000,448,123
1000,449,530
1000,450,146
1000,451,73
1000,452,212
1000,453,48
1000,454,66
1000,455,70
1000,456,280
1000,457,108
1000,458,59
1000,459,159
1000,460,132
1000,461,303
1000,462,151
1000,463,170
1000,464,294
1000,465,144
1000,466,99
1000,467,108
1000,468,79
1000,469,59
1000,470,172
1000,471,145
1000,472,84
1000,473,120
1000,474,46
1000,475,247
1000,476,116
1000,477,69
1000,478,95
1000,479,76
1000,480,505
1000,481,103
1000,482,46
1000,483,1272
1000,484,3758
1000,485,92
1000,486,174
1000,487,156
1000,488,302
1000,489,53
1000,490,341
1000,491,220
1000,492,54
1000,493,84
1000,494,252
1000,495,130
1000,496,290
1000,497,72
1000,498,120
1000,499,727
1000,500,758
1000,501,279
1000,502,116
1000,503,38
1000,504,46
1000,505,146
1000,506,130
1000,507,69
1000,508,157
1000,509,109
1000,510,85
1000,511,128
1000,512,172
1000,513,266
1000,514,30
1000,515,102
1000,516,48
1000,517,57
1000,518,284
1000,519,207
1000,520,137
1000,521,446
1000,522,506
1000,523,63
1000,524,169
1000,525,153
1000,526,88
1000,527,47
1000,528,103
1000,529,161
1000,530,250
1000,531,134
1000,532,49
1000,533,121
1000,534,68
1000,535,135
1000,536,120
1000,537,375
1000,538,163
1000,539,68
1000,540,262
1000,541,58
1000,542,160
1000,543,355
1000,544,78
1000,545,189
1000,546,104
1000,547,266
1000,548,98
1000,549,103
1000,550,81
1000,551,274
1000,552,157
1000,553,322
1000,554,99
1000,555,91
1000,556,141
1000,557,764
1000,558,84
1000,559,181
1000,560,81
1000,561,75
1000,562,86
1000,563,108
1000,564,1032
1000,565,138
1000,566,41
1000,567,36
1000,568,827
1000,569,282
1000,570,184
1000,571,65
1000,572,166
1000,573,93
1000,574,121
1000,575,163
1000,576,97
1000,577,209
1000,578,331
1000,579,167
1000,580,98
1000,581,51
1000,582,134
1000,583,129
1000,584,129
1000,585,50
1000,586,129
1000,587,506
1000,588,50
1000,589,197
1000,590,140
1000,591,246
1000,592,112
1000,593,55
1000,594,3259
1000,595,56
1000,596,79
1000,597,608
1000,598,120
1000,599,597
1000,600,100
1000,601,62
1000,602,65
1000,603,86
1000,604,41
1000,605,683
1000,606,652
1000,607,89
1000,608,136
1000,609,77
1000,610,118
1000,611,158
1000,612,77
1000,613,283
1000,614,211
1000,615,77
1000,616,67
1000,617,38
1000,618,214
1000,619,364
1000,620,231
1000,621,314
1000,622,198
1000,623,83
1000,624,96
1000,625,91
1000,626,159
1000,627,91
1000,628,61
1000,629,129
1000,630,735
1000,631,95
1000,632,148
1000,633,1178
1000,634,112
1000,635,311
1000,636,693
1000,637,267
1000,638,116
1000,639,182
1000,640,1015
1000,641,531
1000,642,298
1000,643,60
1000,644,69
1000,645,86
1000,646,70
1000,647,121
1000,648,220
1000,649,136
1000,650,59
1000,651,248
1000,652,271
1000,653,162
1000,654,131
1000,655,83
1000,656,83
1000,657,129
1000,658,126
1000,659,95
1000,660,70
1000,661,94
1000,662,138
1000,663,632
1000,664,131
1000,665,34
1000,666,129
1000,667,165
1000,668,361
1000,669,209
1000,670,81
1000,671,62
1000,672,175
1000,673,158
1000,674,69
1000,675,94
1000,676,193
1000,677,108
1000,678,159
1000,679,249
1000,680,266
1000,681,114
1000,682,70
1000,683,110
1000,684,187
1000,685,95
1000,686,106
1000,687,128
1000,688,145
1000,689,203
1000,690,91
1000,691,91
1000,692,427
1000,693,114
1000,694,9782
1000,695,468
1000,696,161
1000,697,189
1000,698,102
1000,699,31
1000,700,107
1000,701,507
1000,702,170
1000,703,305
1000,704,366
1000,705,105
1000,706,57
1000,707,110
1000,708,103
1000,709,90
1000,710,131
1000,711,59
1000,712,262
1000,713,75
1000,714,131
1000,715,252
1000,716,62
1000,717,139
1000,718,128
1000,719,70
1000,720,135
1000,721,73
1000,722,841
1000,723,58
1000,724,68
1000,725,90
1000,726,349
1000,727,176
1000,728,149
1000,729,106
1000,730,1866
1000,731,106
1000,732,57
1000,733,189
1000,734,47
1000,735,221
1000,736,75
1000,737,96
1000,738,115
1000,739,250
1000,740,59
1000,741,117
1000,742,150
1000,743,90
1000,744,48
1000,745,267
1000,746,323
1000,747,69
1000,748,132
1000,749,39
1000,750,125
1000,751,617
1000,752,117
1000,753,56
1000,754,89
1000,755,85
1000,756,119
1000,757,189
1000,758,66
1000,759,190
1000,760,183
1000,761,137
1000,762,105
1000,763,58
1000,764,66
1000,765,2979
1000,766,118
1000,767,49
1000,768,219
1000,769,1574
1000,770,77
1000,771,114
1000,772,81
1000,773,222
1000,774,170
1000,775,173
1000,776,404
1000,777,669
1000,778,73
1000,779,847
1000,780,76
1000,781,68
1000,782,266
1000,783,239
1000,784,121
1000,785,129
1000,786,58
1000,787,56
1000,788,90
1000,789,59
1000,790,226
1000,791,196
1000,792,61
1000,793,371
1000,794,57
1000,795,305
1000,796,69
1000,797,161
1000,798,108
1000,799,168
1000,800,487
1000,801,192
1000,802,113
1000,803,85
1000,804,103
1000,805,58
1000,806,56
1000,807,106
1000,808,170
1000,809,137
1000,810,80
1000,811,103
1000,812,157
1000,813,622
1000,814,63
1000,815,336
1000,816,79
1000,817,102
1000,818,125
1000,819,642
1000,820,480
1000,821,93
1000,822,75
1000,823,97
1000,824,98
1000,825,54
1000,826,812
1000,827,124
1000,828,79
1000,829,62
1000,830,42
1000,831,110
1000,832,65
1000,833,73
1000,834,72
1000,835,353
1000,836,325
1000,837,310
1000,838,83
1000,839,74
1000,840,166
1000,841,66
1000,842,97
1000,843,102
1000,844,35
1000,845,199
1000,846,59
1000,847,198
1000,848,154
1000,849,72
1000,850,55
1000,851,99
1000,852,131
1000,853,177
1000,854,200
1000,855,207
1000,856,353
1000,857,94
1000,858,73
1000,859,159
1000,860,142
1000,861,138
1000,862,56
1000,863,106
1000,864,434
1000,865,71
1000,866,818
1000,867,72
1000,868,498
1000,869,83
1000,870,172
1000,871,355
1000,872,64
1000,873,45
1000,874,245
1000,875,48
1000,876,88
1000,877,78
1000,878,173
1000,879,83
1000,880,1434
1000,881,100
1000,882,68
1000,883,88
1000,884,142
1000,885,113
1000,886,93
1000,887,823
1000,888,156
1000,889,347
1000,890,910
1000,891,100
1000,892,497
1000,893,194
1000,894,107
1000,895,57
1000,896,162
1000,897,92
1000,898,144
1000,899,37
1000,900,108
1000,901,758
1000,902,361
1000,903,28
1000,904,159
1000,905,46
1000,906,257
1000,907,101
1000,908,92
1000,909,179
1000,910,73
1000,911,106
1000,912,323
1000,913,52
1000,914,48
1000,915,145
1000,916,175
1000,917,154
1000,918,377
1000,919,69
1000,920,675
1000,921,209
1000,922,45
1000,923,119
1000,924,146
1000,925,64
1000,926,111
1000,927,95
1000,928,211
1000,929,95
1000,930,484
1000,931,215
1000,932,1479
1000,933,85
1000,934,106
1000,935,58
1000,936,193
1000,937,165
1000,938,63
1000,939,281
1000,940,228
1000,941,76
1000,942,34
1000,943,78
1000,944,675
1000,945,474
1000,946,68
1000,947,83
1000,948,534
1000,949,99
1000,950,895
1000,951,128
1000,952,497
1000,953,48
1000,954,178
1000,955,67
1000,956,272
1000,957,147
1000,958,261
1000,959,197
1000,960,218
1000,961,1715
1000,962,107
1000,963,62
1000,964,96
1000,965,144
1000,966,321
1000,967,121
1000,968,606
1000,969,50
1000,970,68
1000,971,44
1000,972,128
1000,973,222
1000,974,66
1000,975,48
1000,976,640
1000,977,84
1000,978,373
1000,979,64
1000,980,98
1000,981,153
1000,982,39
1000,983,94
1000,984,148
1000,985,403
1000,986,286
1000,987,106
1000,988,130
1000,989,255
1000,990,37
1000,991,49
1000,992,152
1000,993,174
1000,994,237
1000,995,37
1000,996,104
1000,997,125
1000,998,422
1000,999,86
1000,1000,56
10000,1,237
10000,2,1419
10000,3,1005
10000,4,1947
10000,5,1113
10000,6,528
10000,7,1244
10000,8,3149
10000,9,3291
10000,10,994
10000,11,1331
10000,12,174
10000,13,302
10000,14,247
10000,15,569
10000,16,3368
10000,17,1655
10000,18,424
10000,19,522
10000,20,444
10000,21,630
10000,22,468
10000,23,318
10000,24,874
10000,25,3190
10000,26,232
10000,27,703
10000,28,2583
10000,29,1546
10000,30,391
10000,31,292
10000,32,274
10000,33,387
10000,34,396
10000,35,1584
10000,36,1252
10000,37,392
10000,38,1359
10000,39,470
10000,40,255
10000,41,1142
10000,42,1532
10000,43,352
10000,44,1485
10000,45,994
10000,46,1265
10000,47,486
10000,48,474
10000,49,1118
10000,50,1190
10000,51,231
10000,52,276
10000,53,1188
10000,54,473
10000,55,1158
10000,56,1091
10000,57,963
10000,58,239
10000,59,184
10000,60,549
10000,61,1463
10000,62,322
10000,63,312
10000,64,776
10000,65,1217
10000,66,267
10000,67,1840
10000,68,626
10000,69,770
10000,70,448
10000,71,287
10000,72,803
10000,73,580
10000,74,1102
10000,75,358
10000,76,1679
10000,77,5197
10000,78,1578
10000,79,343
10000,80,534
10000,81,537
10000,82,648
10000,83,802
10000,84,423
10000,85,411
10000,86,780
10000,87,304
10000,88,334
10000,89,316
10000,90,338
10000,91,732
10000,92,403
10000,93,540
10000,94,332
10000,95,769
10000,96,1234
10000,97,557
10000,98,608
10000,99,850
10000,100,744
10000,101,369
10000,102,667
10000,103,565
10000,104,495
10000,105,987
10000,106,397
10000,107,398
10000,108,331
10000,109,296
10000,110,4255
10000,111,248
10000,112,699
10000,113,1097
10000,114,1631
10000,115,893
10000,116,1083
10000,117,2820
10000,118,997
10000,119,767
10000,120,515
10000,121,2931
10000,122,571
10000,123,1991
10000,124,430
10000,125,768
10000,126,770
10000,127,1556
10000,128,658
10000,129,1206
10000,130,574
10000,131,652
10000,132,729
10000,133,1114
10000,134,472
10000,135,1626
10000,136,299
10000,137,670
10000,138,1040
10000,139,210
10000,140,1024
10000,141,340
10000,142,13285
10000,143,1007
10000,144,685
10000,145,515
10000,146,1773
10000,147,1024
10000,148,272
10000,149,744
10000,150,344
10000,151,465
10000,152,368
10000,153,232
10000,154,1558
10000,155,1127
10000,156,546
10000,157,786
10000,158,438
10000,159,314
10000,160,1199
10000,161,360
10000,162,1262
10000,163,218
10000,164,522
10000,165,871
10000,166,732
10000,167,2217
10000,168,251
10000,169,1151
10000,170,444
10000,171,325
10000,172,354
10000,173,267
10000,174,331
10000,175,703
10000,176,1294
10000,177,505
10000,178,832
10000,179,397
10000,180,1620
10000,181,1171
10000,182,832
10000,183,347
10000,184,424
10000,185,2988
10000,186,1682
10000,187,897
10000,188,437
10000,189,251
10000,190,659
10000,191,610
10000,192,435
10000,193,973
10000,194,935
10000,195,587
10000,196,352
10000,197,5940
10000,198,1986
10000,199,540
10000,200,694
10000,201,777
10000,202,1171
10000,203,785
10000,204,1002
10000,205,504
10000,206,211
10000,207,209
10000,208,756
10000,209,787
10000,210,924
10000,211,852
10000,212,253
10000,213,1306
10000,214,332
10000,215,451
10000,216,190
10000,217,386
10000,218,401
10000,219,234
10000,220,1046
10000,221,5719
10000,222,880
10000,223,375
10000,224,500
10000,225,138
10000,226,271
10000,227,281
10000,228,516
10000,229,206
10000,230,384
10000,231,315
10000,232,615
10000,233,296
10000,234,324
10000,235,869
10000,236,481
10000,237,679
10000,238,196
10000,239,711
10000,240,630
10000,241,371
10000,242,320
10000,243,567
10000,244,364
10000,245,1498
10000,246,411
10000,247,2340
10000,248,594
10000,249,284
10000,250,406
10000,251,1038
10000,252,3368
10000,253,315
10000,254,576
10000,255,2053
10000,256,5958
10000,257,289
10000,258,700
10000,259,815
10000,260,233
10000,261,524
10000,262,1677
10000,263,545
10000,264,3001
10000,265,271
10000,266,2519
10000,267,311
10000,268,655
10000,269,354
10000,270,3162
10000,271,394
10000,272,600
10000,273,273
10000,274,495
10000,275,240
10000,276,1296
10000,277,578
10000,278,477
10000,279,444
10000,280,1847
10000,281,1265
10000,282,338
10000,283,309
10000,284,444
10000,285,308
10000,286,490
10000,287,2412
10000,288,1542
10000,289,747
10000,290,1031
10000,291,1382
10000,292,764
10000,293,329
10000,294,440
10000,295,711
10000,296,4567
10000,297,1273
10000,298,5958
10000,299,296
10000,300,876
10000,301,247
10000,302,3618
10000,303,727
10000,304,692
10000,305,569
10000,306,338
10000,307,3141
10000,308,1151
10000,309,330
10000,310,348
10000,311,1568
10000,312,480
10000,313,971
10000,314,319
10000,315,735
10000,316,1269
10000,317,1444
10000,318,2961
10000,319,484
10000,320,291
10000,321,1437
10000,322,707
10000,323,2663
10000,324,1959
10000,325,632
10000,326,1171
10000,327,485
10000,328,537
10000,329,1943
10000,330,4379
10000,331,297
10000,332,3056
10000,333,369
10000,334,1757
10000,335,409
10000,336,260
10000,337,288
10000,338,367
10000,339,557
10000,340,308
10000,341,750
10000,342,773
10000,343,209
10000,344,359
10000,345,12686
10000,346,1778
10000,347,510
10000,348,671
10000,349,204
10000,350,544
10000,351,383
10000,352,237
10000,353,399
10000,354,2805
10000,355,1817
10000,356,1154
10000,357,246
10000,358,282
10000,359,349
10000,360,903
10000,361,3934
10000,362,582
10000,363,325
10000,364,745
10000,365,711
10000,366,735
10000,367,271
10000,368,192
10000,369,504
10000,370,1077
10000,371,221
10000,372,487
10000,373,503
10000,374,425
10000,375,1296
10000,376,415
10000,377,215
10000,378,465
10000,379,267
10000,380,455
10000,381,3130
10000,382,295
10000,383,947
10000,384,350
10000,385,173
10000,386,1378
10000,387,1185
10000,388,1765
10000,389,1458
10000,390,404
10000,391,486
10000,392,212
10000,393,1172
10000,394,582
10000,395,539
10000,396,1026
10000,397,2495
10000,398,10382
10000,399,282
10000,400,509
10000,401,235
10000,402,417
10000,403,2331
10000,404,860
10000,405,630
10000,406,816
10000,407,141
10000,408,29965
10000,409,164
10000,410,615
10000,411,231
10000,412,501
10000,413,2282
10000,414,852
10000,415,651
10000,416,1852
10000,417,1469
10000,418,800
10000,419,292
10000,420,1514
10000,421,20048
10000,422,535
10000,423,513
10000,424,255
10000,425,766
10000,426,497
10000,427,311
10000,428,200
10000,429,762
10000,430,190
10000,431,615
10000,432,1458
10000,433,954
10000,434,2742
10000,435,375
10000,436,387
10000,437,444
10000,438,912
10000,439,192
10000,440,901
10000,441,1982
10000,442,1014
10000,443,440
10000,444,2276
10000,445,355
10000,446,340
10000,447,471
10000,448,311
10000,449,384
10000,450,594
10000,451,207
10000,452,693
10000,453,779
10000,454,289
10000,455,911
10000,456,313
10000,457,1449
10000,458,2831
10000,459,417
10000,460,608
10000,461,384
10000,462,378
10000,463,177
10000,464,259
10000,465,846
10000,466,262
10000,467,394
10000,468,583
10000,469,2376
10000,470,3788
10000,471,174
10000,472,311
10000,473,234
10000,474,479
10000,475,1867
10000,476,301
10000,477,428
10000,478,463
10000,479,454
10000,480,819
10000,481,743
10000,482,645
10000,483,476
10000,484,418
10000,485,324
10000,486,474
10000,487,411
10000,488,3003
10000,489,689
10000,490,704
10000,491,983
10000,492,418
10000,493,706
10000,494,813
10000,495,10423
10000,496,384
10000,497,333
10000,498,261
10000,499,445
10000,500,400
10000,501,332
10000,502,298
10000,503,1723
10000,504,975
10000,505,428
10000,506,255
10000,507,472
10000,508,1366
10000,509,350
10000,510,1512
10000,511,559
10000,512,2061
10000,513,979
10000,514,466
10000,515,846
10000,516,1368
10000,517,235
10000,518,645
10000,519,233
10000,520,1082
10000,521,322
10000,522,518
10000,523,289
10000,524,353
10000,525,940
10000,526,6801
10000,527,297
10000,528,501
10000,529,599
10000,530,603
10000,531,396
10000,532,336
10000,533,643
10000,534,661
10000,535,5333
10000,536,435
10000,537,720
10000,538,378
10000,539,259
10000,540,52020
10000,541,444
10000,542,284
10000,543,342
10000,544,885
10000,545,248
10000,546,1289
10000,547,522
10000,548,225
10000,549,301
10000,550,738
10000,551,1256
10000,552,3694
10000,553,227
10000,554,308
10000,555,523
10000,556,1587
10000,557,21706
10000,558,1690
10000,559,801
10000,560,220
10000,561,347
10000,562,961
10000,563,865
10000,564,1204
10000,565,1492
10000,566,1286
10000,567,2899
10000,568,655
10000,569,867
10000,570,410
10000,571,580
10000,572,392
10000,573,1419
10000,574,351
10000,575,2066
10000,576,1169
10000,577,1933
10000,578,286
10000,579,377
10000,580,1451
10000,581,449
10000,582,346
10000,583,1475
10000,584,432
10000,585,950
10000,586,156
10000,587,1050
10000,588,22014
10000,589,523
10000,590,1615
10000,591,1034
10000,592,321
10000,593,239
10000,594,474
10000,595,202
10000,596,1103
10000,597,475
10000,598,331
10000,599,625
10000,600,394
10000,601,220
10000,602,642
10000,603,635
10000,604,1681
10000,605,508
10000,606,3301
10000,607,1077
10000,608,259
10000,609,775
10000,610,386
10000,611,1008
10000,612,341
10000,613,396
10000,614,1456
10000,615,196
10000,616,214
10000,617,220
10000,618,619
10000,619,169
10000,620,310
10000,621,882
10000,622,288
10000,623,900
10000,624,1921
10000,625,208
10000,626,413
10000,627,1548
10000,628,405
10000,629,610
10000,630,231
10000,631,798
10000,632,437
10000,633,727
10000,634,331
10000,635,2314
10000,636,518
10000,637,448
10000,638,484
10000,639,373
10000,640,2394
10000,641,231
10000,642,717
10000,643,979
10000,644,846
10000,645,243
10000,646,1793
10000,647,582
10000,648,234
10000,649,1799
10000,650,911
10000,651,575
10000,652,840
10000,653,158
10000,654,960
10000,655,531
10000,656,610
10000,657,1710
10000,658,837
10000,659,168
10000,660,330
10000,661,319
10000,662,251
10000,663,700
10000,664,224
10000,665,187
10000,666,409
10000,667,2922
10000,668,881
10000,669,1750
10000,670,769
10000,671,359
10000,672,1842
10000,673,528
10000,674,979
10000,675,453
10000,676,819
10000,677,491
10000,678,285
10000,679,829
10000,680,289
10000,681,383
10000,682,256
10000,683,336
10000,684,374
10000,685,149
10000,686,773
10000,687,311
10000,688,357
10000,689,222
10000,690,432
10000,691,200
10000,692,237
10000,693,1134
10000,694,938
10000,695,1096
10000,696,557
10000,697,1657
10000,698,402
10000,699,332
10000,700,625
10000,701,741
10000,702,3503
10000,703,1582
10000,704,1061
10000,705,259
10000,706,467
10000,707,302
10000,708,907
10000,709,536
10000,710,348
10000,711,310
10000,712,677
10000,713,605
10000,714,969
10000,715,808
10000,716,356
10000,717,398
10000,718,991
10000,719,702
10000,720,488
10000,721,325
10000,722,291
10000,723,713
10000,724,301
10000,725,577
10000,726,1587
10000,727,394
10000,728,249
10000,729,602
10000,730,191
10000,731,475
10000,732,1205
10000,733,446
10000,734,3304
10000,735,334
10000,736,313
10000,737,205
10000,738,407
10000,739,554
10000,740,237
10000,741,5370
10000,742,515
10000,743,1367
10000,744,1005
10000,745,345
10000,746,263
10000,747,841
10000,748,568
10000,749,596
10000,750,280
10000,751,158
10000,752,388
10000,753,350
10000,754,1217
10000,755,794
10000,756,267
10000,757,763
10000,758,1099
10000,759,1705
10000,760,1772
10000,761,383
10000,762,732
10000,763,282
10000,764,1872
10000,765,514
10000,766,515
10000,767,305
10000,768,2502
10000,769,1374
10000,770,525
10000,771,977
10000,772,1173
10000,773,708
10000,774,765
10000,775,430
10000,776,864
10000,777,477
10000,778,162
10000,779,2180
10000,780,501
10000,781,3952
10000,782,1489
10000,783,410
10000,784,382
10000,785,898
10000,786,354
10000,787,489
10000,788,454
10000,789,459
10000,790,729
10000,791,579
10000,792,249
10000,793,777
10000,794,511
10000,795,566
10000,796,302
10000,797,2005
10000,798,313
10000,799,726
10000,800,271
10000,801,852
10000,802,186
10000,803,952
10000,804,804
10000,805,962
10000,806,437
10000,807,775
10000,808,634
10000,809,557
10000,810,705
10000,811,445
10000,812,1557
10000,813,418
10000,814,363
10000,815,712
10000,816,10155
10000,817,456
10000,818,198
10000,819,537
10000,820,275
10000,821,630
10000,822,189
10000,823,386
10000,824,1937
10000,825,2994
10000,826,673
10000,827,235
10000,828,332
10000,829,537
10000,830,602
10000,831,1150
10000,832,482
10000,833,1302
10000,834,314
10000,835,309
10000,836,638
10000,837,2585
10000,838,374
10000,839,357
10000,840,1176
10000,841,536
10000,842,262
10000,843,1014
10000,844,497
10000,845,577
10000,846,682
10000,847,596
10000,848,503
10000,849,278
10000,850,239
10000,851,608
10000,852,315
10000,853,367
10000,854,1224
10000,855,1783
10000,856,169
10000,857,432
10000,858,542
10000,859,970
10000,860,157
10000,861,1119
10000,862,902
10000,863,355
10000,864,1152
10000,865,280
10000,866,7806
10000,867,2061
10000,868,256
10000,869,1894
10000,870,535
10000,871,1072
10000,872,244
10000,873,864
10000,874,460
10000,875,638
10000,876,1110
10000,877,910
10000,878,482
10000,879,336
10000,880,589
10000,881,983
10000,882,2782
10000,883,532
10000,884,543
10000,885,551
10000,886,325
10000,887,1183
10000,888,784
10000,889,561
10000,890,3047
10000,891,1505
10000,892,292
10000,893,404
10000,894,1981
10000,895,1267
10000,896,215
10000,897,1907
10000,898,355
10000,899,649
10000,900,467
10000,901,846
10000,902,651
10000,903,603
10000,904,580
10000,905,483
10000,906,1014
10000,907,519
10000,908,421
10000,909,826
10000,910,442
10000,911,729
10000,912,816
10000,913,1172
10000,914,501
10000,915,317
10000,916,409
10000,917,683
10000,918,634
10000,919,292
10000,920,1007
10000,921,366
10000,922,286
10000,923,316
10000,924,429
10000,925,527
10000,926,433
10000,927,687
10000,928,413
10000,929,1943
10000,930,640
10000,931,768
10000,932,2274
10000,933,912
10000,934,892
10000,935,433
10000,936,475
10000,937,720
10000,938,239
10000,939,2139
10000,940,336
10000,941,1310
10000,942,3968
10000,943,1088
10000,944,410
10000,945,1383
10000,946,308
10000,947,446
10000,948,436
10000,949,1005
10000,950,1235
10000,951,272
10000,952,1053
10000,953,489
10000,954,5457
10000,955,217
10000,956,1775
10000,957,481
10000,958,1471
10000,959,1485
10000,960,683
10000,961,324
10000,962,1531
10000,963,333
10000,964,439
10000,965,710
10000,966,443
10000,967,420
10000,968,2347
10000,969,251
10000,970,2531
10000,971,288
10000,972,452
10000,973,733
10000,974,580
10000,975,475
10000,976,2375
10000,977,231
10000,978,747
10000,979,621
10000,980,2068
10000,981,818
10000,982,1214
10000,983,484
10000,984,451
10000,985,2023
10000,986,979
10000,987,171
10000,988,286
10000,989,411
10000,990,402
10000,991,350
10000,992,1206
10000,993,629
10000,994,6075
10000,995,490
10000,996,17315
10000,997,3477
10000,998,1058
10000,999,902
10000,1000,426
1e+05,1,1340
1e+05,2,10583
1e+05,3,2963
1e+05,4,7043
1e+05,5,12602
1e+05,6,2998
1e+05,7,1735
1e+05,8,8703
1e+05,9,966
1e+05,10,1092
1e+05,11,2544
1e+05,12,2589
1e+05,13,713
1e+05,14,37992
1e+05,15,6518
1e+05,16,3596
1e+05,17,1262
1e+05,18,1932
1e+05,19,2817
1e+05,20,2405
1e+05,21,7513
1e+05,22,10714
1e+05,23,2283
1e+05,24,2238
1e+05,25,1795
1e+05,26,6567
1e+05,27,4907
1e+05,28,3023
1e+05,29,5338
1e+05,30,2287
1e+05,31,1123
1e+05,32,7069
1e+05,33,10347
1e+05,34,10126
1e+05,35,1277
1e+05,36,2577
1e+05,37,2458
1e+05,38,3317
1e+05,39,3685
1e+05,40,7330
1e+05,41,13371
1e+05,42,1919
1e+05,43,8271
1e+05,44,1235
1e+05,45,6357
1e+05,46,770
1e+05,47,12878
1e+05,48,14527
1e+05,49,4339
1e+05,50,1570
1e+05,51,1571
1e+05,52,1772
1e+05,53,2416
1e+05,54,1362
1e+05,55,3991
1e+05,56,3241
1e+05,57,4340
1e+05,58,2005
1e+05,59,2566
1e+05,60,1911
1e+05,61,3527
1e+05,62,2353
1e+05,63,3113
1e+05,64,1378
1e+05,65,10096
1e+05,66,5980
1e+05,67,1256
1e+05,68,2188
1e+05,69,2653
1e+05,70,19069
1e+05,71,15936
1e+05,72,3317
1e+05,73,3710
1e+05,74,2959
1e+05,75,1927
1e+05,76,2789
1e+05,77,8649
1e+05,78,1245
1e+05,79,2038
1e+05,80,1139
1e+05,81,1340
1e+05,82,7328
1e+05,83,1762
1e+05,84,13892
1e+05,85,1625
1e+05,86,1766
1e+05,87,1249
1e+05,88,1391
1e+05,89,2638
1e+05,90,2810
1e+05,91,869
1e+05,92,3394
1e+05,93,3914
1e+05,94,13540
1e+05,95,5138
1e+05,96,2171
1e+05,97,1246
1e+05,98,1583
1e+05,99,2461
1e+05,100,4190
1e+05,101,4370
1e+05,102,935
1e+05,103,5593
1e+05,104,2392
1e+05,105,9326
1e+05,106,1727
1e+05,107,3506
1e+05,108,13732
1e+05,109,1457
1e+05,110,3276
1e+05,111,1661
1e+05,112,6732
1e+05,113,6162
1e+05,114,10227
1e+05,115,991
1e+05,116,2983
1e+05,117,2278
1e+05,118,5271
1e+05,119,2615
1e+05,120,5880
1e+05,121,2781
1e+05,122,1752
1e+05,123,2015
1e+05,124,3106
1e+05,125,3748
1e+05,126,2439
1e+05,127,10118
1e+05,128,2423
1e+05,129,20428
1e+05,130,3724
1e+05,131,6752
1e+05,132,2124
1e+05,133,1722
1e+05,134,1641
1e+05,135,3439
1e+05,136,4275
1e+05,137,2023
1e+05,138,2902
1e+05,139,12341
1e+05,140,1514
1e+05,141,4150
1e+05,142,1305
1e+05,143,3480
1e+05,144,4519
1e+05,145,23016
1e+05,146,1154
1e+05,147,4887
1e+05,148,6402
1e+05,149,2059
1e+05,150,24796
1e+05,151,1950
1e+05,152,2511
1e+05,153,1130
1e+05,154,2497
1e+05,155,7554
1e+05,156,1555
1e+05,157,3501
1e+05,158,4527
1e+05,159,1163
1e+05,160,11115
1e+05,161,3430
1e+05,162,1148
1e+05,163,3562
1e+05,164,2985
1e+05,165,1866
1e+05,166,1421
1e+05,167,1377
1e+05,168,1566
1e+05,169,1066
1e+05,170,2753
1e+05,171,2525
1e+05,172,34751
1e+05,173,2019
1e+05,174,6978
1e+05,175,3226
1e+05,176,2861
1e+05,177,3831
1e+05,178,9061
1e+05,179,11640
1e+05,180,1349
1e+05,181,8583
1e+05,182,2405
1e+05,183,2570
1e+05,184,10061
1e+05,185,11148
1e+05,186,717
1e+05,187,1073
1e+05,188,1932
1e+05,189,2447
1e+05,190,1496
1e+05,191,3103
1e+05,192,10712
1e+05,193,2127
1e+05,194,1370
1e+05,195,2833
1e+05,196,3363
1e+05,197,24241
1e+05,198,2209
1e+05,199,1643
1e+05,200,1310
1e+05,201,2906
1e+05,202,742
1e+05,203,3153
1e+05,204,28199
1e+05,205,7025
1e+05,206,1805
1e+05,207,59224
1e+05,208,1685
1e+05,209,2553
1e+05,210,8542
1e+05,211,1457
1e+05,212,4445
1e+05,213,4211
1e+05,214,4116
1e+05,215,1917
1e+05,216,2383
1e+05,217,1750
1e+05,218,2667
1e+05,219,1292
1e+05,220,2062
1e+05,221,2894
1e+05,222,3434
1e+05,223,2150
1e+05,224,3464
1e+05,225,16808
1e+05,226,1399
1e+05,227,8101
1e+05,228,4774
1e+05,229,12055
1e+05,230,14046
1e+05,231,4314
1e+05,232,2319
1e+05,233,13005
1e+05,234,4532
1e+05,235,4923
1e+05,236,1524
1e+05,237,1304
1e+05,238,6674
1e+05,239,1905
1e+05,240,1350
1e+05,241,6798
1e+05,242,3909
1e+05,243,13746
1e+05,244,1941
1e+05,245,2275
1e+05,246,5934
1e+05,247,1842
1e+05,248,4488
1e+05,249,1443
1e+05,250,2147
1e+05,251,3618
1e+05,252,3653
1e+05,253,3973
1e+05,254,1753
1e+05,255,5416
1e+05,256,1636
1e+05,257,1151
1e+05,258,2390
1e+05,259,3572
1e+05,260,3285
1e+05,261,12797
1e+05,262,1979
1e+05,263,8189
1e+05,264,1069
1e+05,265,3998
1e+05,266,1832
1e+05,267,7430
1e+05,268,2628
1e+05,269,1885
1e+05,270,3313
1e+05,271,2382
1e+05,272,1040
1e+05,273,1313
1e+05,274,1018
1e+05,275,7324
1e+05,276,799
1e+05,277,2642
1e+05,278,2361
1e+05,279,1668
1e+05,280,3340
1e+05,281,949
1e+05,282,1510
1e+05,283,1293
1e+05,284,1256
1e+05,285,904
1e+05,286,2519
1e+05,287,15099
1e+05,288,1958
1e+05,289,877
1e+05,290,5861
1e+05,291,11045
1e+05,292,3647
1e+05,293,4405
1e+05,294,1315
1e+05,295,11967
1e+05,296,5589
1e+05,297,4518
1e+05,298,2478
1e+05,299,6290
1e+05,300,912
1e+05,301,1320
1e+05,302,7725
1e+05,303,1433
1e+05,304,6462
1e+05,305,3852
1e+05,306,2965
1e+05,307,1702
1e+05,308,6597
1e+05,309,4397
1e+05,310,2479
1e+05,311,1144
1e+05,312,2886
1e+05,313,2461
1e+05,314,3999
1e+05,315,1551
1e+05,316,1193
1e+05,317,143512
1e+05,318,13732
1e+05,319,952
1e+05,320,2073
1e+05,321,3032
1e+05,322,3354
1e+05,323,3141
1e+05,324,2009
1e+05,325,2632
1e+05,326,835
1e+05,327,1152
1e+05,328,7838
1e+05,329,882
1e+05,330,986
1e+05,331,2369
1e+05,332,1963
1e+05,333,1567
1e+05,334,6642
1e+05,335,2404
1e+05,336,7452
1e+05,337,1772
1e+05,338,2574
1e+05,339,2444
1e+05,340,1464
1e+05,341,5480
1e+05,342,1479
1e+05,343,23919
1e+05,344,3747
1e+05,345,851
1e+05,346,4794
1e+05,347,6099
1e+05,348,3413
1e+05,349,2491
1e+05,350,4401
1e+05,351,22228
1e+05,352,31156
1e+05,353,3907
1e+05,354,2803
1e+05,355,1669
1e+05,356,2615
1e+05,357,2438
1e+05,358,6398
1e+05,359,1178
1e+05,360,2023
1e+05,361,3656
1e+05,362,1640
1e+05,363,4376
1e+05,364,3070
1e+05,365,3855
1e+05,366,2400
1e+05,367,1100
1e+05,368,1148
1e+05,369,2752
1e+05,370,1375
1e+05,371,3551
1e+05,372,2903
1e+05,373,2999
1e+05,374,1840
1e+05,375,2463
1e+05,376,1334
1e+05,377,7637
1e+05,378,5561
1e+05,379,84133
1e+05,380,8911
1e+05,381,1874
1e+05,382,2129
1e+05,383,2236
1e+05,384,6653
1e+05,385,617
1e+05,386,6916
1e+05,387,1217
1e+05,388,1843
1e+05,389,2842
1e+05,390,3588
1e+05,391,2063
1e+05,392,837
1e+05,393,4086
1e+05,394,4144
1e+05,395,7838
1e+05,396,2468
1e+05,397,2476
1e+05,398,2639
1e+05,399,2901
1e+05,400,1655
1e+05,401,3399
1e+05,402,10104
1e+05,403,30308
1e+05,404,1571
1e+05,405,10760
1e+05,406,1742
1e+05,407,1240
1e+05,408,2194
1e+05,409,12396
1e+05,410,3104
1e+05,411,1048
1e+05,412,1373
1e+05,413,2967
1e+05,414,1970
1e+05,415,3669
1e+05,416,1317
1e+05,417,4089
1e+05,418,34474
1e+05,419,1488
1e+05,420,1263
1e+05,421,3030
1e+05,422,6734
1e+05,423,2005
1e+05,424,2283
1e+05,425,6054
1e+05,426,1393
1e+05,427,16331
1e+05,428,2251
1e+05,429,9863
1e+05,430,8412
1e+05,431,1190
1e+05,432,2014
1e+05,433,1042
1e+05,434,3780
1e+05,435,2418
1e+05,436,1920
1e+05,437,1502
1e+05,438,1058
1e+05,439,1413
1e+05,440,2478
1e+05,441,4607
1e+05,442,6696
1e+05,443,3726
1e+05,444,1960
1e+05,445,1217
1e+05,446,33676
1e+05,447,1298
1e+05,448,1816
1e+05,449,2706
1e+05,450,1211
1e+05,451,1945
1e+05,452,3256
1e+05,453,1064
1e+05,454,1094
1e+05,455,856
1e+05,456,1336
1e+05,457,2265
1e+05,458,19148
1e+05,459,5172
1e+05,460,12441
1e+05,461,5348
1e+05,462,1672
1e+05,463,3769
1e+05,464,11369
1e+05,465,2112
1e+05,466,6838
1e+05,467,3368
1e+05,468,2086
1e+05,469,1598
1e+05,470,1974
1e+05,471,8833
1e+05,472,3611
1e+05,473,2556
1e+05,474,2342
1e+05,475,7401
1e+05,476,3006
1e+05,477,3845
1e+05,478,2939
1e+05,479,2648
1e+05,480,1102
1e+05,481,961
1e+05,482,6424
1e+05,483,3105
1e+05,484,1688
1e+05,485,1358
1e+05,486,14974
1e+05,487,3660
1e+05,488,3354
1e+05,489,4977
1e+05,490,2280
1e+05,491,593
1e+05,492,2912
1e+05,493,4384
1e+05,494,13291
1e+05,495,965
1e+05,496,2708
1e+05,497,10537
1e+05,498,4808
1e+05,499,2464
1e+05,500,2237
1e+05,501,3252
1e+05,502,3495
1e+05,503,13580
1e+05,504,2224
1e+05,505,1463
1e+05,506,3390
1e+05,507,1631
1e+05,508,2701
1e+05,509,11711
1e+05,510,3391
1e+05,511,884
1e+05,512,1596
1e+05,513,3038
1e+05,514,1923
1e+05,515,8785
1e+05,516,3676
1e+05,517,1820
1e+05,518,1836
1e+05,519,12247
1e+05,520,1955
1e+05,521,2563
1e+05,522,1732
1e+05,523,5113
1e+05,524,723
1e+05,525,3884
1e+05,526,61883
1e+05,527,2641
1e+05,528,4645
1e+05,529,3516
1e+05,530,3519
1e+05,531,3610
1e+05,532,1870
1e+05,533,1056
1e+05,534,1507
1e+05,535,2721
1e+05,536,2382
1e+05,537,3574
1e+05,538,3888
1e+05,539,943
1e+05,540,1566
1e+05,541,803
1e+05,542,2742
1e+05,543,6302
1e+05,544,3124
1e+05,545,19502
1e+05,546,3774
1e+05,547,6041
1e+05,548,2206
1e+05,549,1779
1e+05,550,1807
1e+05,551,3012
1e+05,552,2863
1e+05,553,1288
1e+05,554,4231
1e+05,555,18010
1e+05,556,91570
1e+05,557,4644
1e+05,558,3628
1e+05,559,1691
1e+05,560,2259
1e+05,561,950
1e+05,562,1537
1e+05,563,9583
1e+05,564,3585
1e+05,565,2587
1e+05,566,1888
1e+05,567,1787
1e+05,568,1097
1e+05,569,13999
1e+05,570,2146
1e+05,571,4795
1e+05,572,16210
1e+05,573,4410
1e+05,574,5649
1e+05,575,7239
1e+05,576,5778
1e+05,577,6542
1e+05,578,6451
1e+05,579,1105
1e+05,580,5982
1e+05,581,2119
1e+05,582,1265
1e+05,583,2109
1e+05,584,1891
1e+05,585,1677
1e+05,586,1346
1e+05,587,3205
1e+05,588,1602
1e+05,589,2393
1e+05,590,1540
1e+05,591,16164
1e+05,592,1428
1e+05,593,2246
1e+05,594,14927
1e+05,595,7607
1e+05,596,8189
1e+05,597,6911
1e+05,598,669
1e+05,599,2299
1e+05,600,2402
1e+05,601,2043
1e+05,602,3768
1e+05,603,8421
1e+05,604,1979
1e+05,605,6226
1e+05,606,5452
1e+05,607,19677
1e+05,608,5439
1e+05,609,2249
1e+05,610,15244
1e+05,611,6099
1e+05,612,1584
1e+05,613,4645
1e+05,614,711
1e+05,615,4113
1e+05,616,949
1e+05,617,7607
1e+05,618,546
1e+05,619,14046
1e+05,620,2306
1e+05,621,4117
1e+05,622,9940
1e+05,623,2236
1e+05,624,1724
1e+05,625,9321
1e+05,626,1821
1e+05,627,7367
1e+05,628,8865
1e+05,629,2665
1e+05,630,6229
1e+05,631,1883
1e+05,632,1540
1e+05,633,1805
1e+05,634,961
1e+05,635,2263
1e+05,636,973
1e+05,637,4507
1e+05,638,5370
1e+05,639,1766
1e+05,640,9611
1e+05,641,3097
1e+05,642,2735
1e+05,643,3602
1e+05,644,6115
1e+05,645,1221
1e+05,646,1651
1e+05,647,1345
1e+05,648,3734
1e+05,649,5559
1e+05,650,2421
1e+05,651,953
1e+05,652,1752
1e+05,653,4098
1e+05,654,7605
1e+05,655,1097
1e+05,656,2591
1e+05,657,814
1e+05,658,22448
1e+05,659,1122
1e+05,660,1303
1e+05,661,3302
1e+05,662,24427
1e+05,663,2142
1e+05,664,2587
1e+05,665,1458
1e+05,666,12610
1e+05,667,8464
1e+05,668,14276
1e+05,669,2243
1e+05,670,1243
1e+05,671,1031
1e+05,672,5001
1e+05,673,6063
1e+05,674,4442
1e+05,675,5273
1e+05,676,6961
1e+05,677,1359
1e+05,678,1877
1e+05,679,1050
1e+05,680,8503
1e+05,681,4987
1e+05,682,2536
1e+05,683,2437
1e+05,684,2368
1e+05,685,11964
1e+05,686,6185
1e+05,687,2845
1e+05,688,2343
1e+05,689,2353
1e+05,690,6703
1e+05,691,16825
1e+05,692,1739
1e+05,693,9144
1e+05,694,2821
1e+05,695,2781
1e+05,696,2051
1e+05,697,2767
1e+05,698,1093
1e+05,699,1604
1e+05,700,2295
1e+05,701,18623
1e+05,702,1351
1e+05,703,5217
1e+05,704,11971
1e+05,705,3721
1e+05,706,1911
1e+05,707,2118
1e+05,708,2962
1e+05,709,3146
1e+05,710,944
1e+05,711,1795
1e+05,712,2824
1e+05,713,1037
1e+05,714,1387
1e+05,715,2501
1e+05,716,2100
1e+05,717,1475
1e+05,718,5072
1e+05,719,3015
1e+05,720,1085
1e+05,721,4621
1e+05,722,6689
1e+05,723,5815
1e+05,724,2139
1e+05,725,1187
1e+05,726,1444
1e+05,727,2474
1e+05,728,1521
1e+05,729,2794
1e+05,730,14567
1e+05,731,1252
1e+05,732,1553
1e+05,733,928
1e+05,734,5412
1e+05,735,1906
1e+05,736,1746
1e+05,737,14965
1e+05,738,6135
1e+05,739,2690
1e+05,740,2651
1e+05,741,3738
1e+05,742,1256
1e+05,743,4507
1e+05,744,4783
1e+05,745,2058
1e+05,746,8104
1e+05,747,1807
1e+05,748,3915
1e+05,749,2074
1e+05,750,5709
1e+05,751,4135
1e+05,752,1292
1e+05,753,10404
1e+05,754,9444
1e+05,755,1246
1e+05,756,3045
1e+05,757,2884
1e+05,758,1857
1e+05,759,8536
1e+05,760,7016
1e+05,761,1643
1e+05,762,4574
1e+05,763,754
1e+05,764,1346
1e+05,765,37561
1e+05,766,3502
1e+05,767,1352
1e+05,768,3410
1e+05,769,2539
1e+05,770,47876
1e+05,771,4876
1e+05,772,3553
1e+05,773,6816
1e+05,774,4294
1e+05,775,3366
1e+05,776,1612
1e+05,777,4476
1e+05,778,1090
1e+05,779,17654
1e+05,780,1783
1e+05,781,2669
1e+05,782,1915
1e+05,783,6501
1e+05,784,16573
1e+05,785,20905
1e+05,786,1998
1e+05,787,1901
1e+05,788,1055
1e+05,789,4265
1e+05,790,7298
1e+05,791,15842
1e+05,792,6949
1e+05,793,3463
1e+05,794,17777
1e+05,795,1743
1e+05,796,3681
1e+05,797,1121
1e+05,798,1283
1e+05,799,1306
1e+05,800,4215
1e+05,801,5500
1e+05,802,1546
1e+05,803,1618
1e+05,804,15951
1e+05,805,4025
1e+05,806,1834
1e+05,807,2346
1e+05,808,1031
1e+05,809,1450
1e+05,810,1757
1e+05,811,3127
1e+05,812,9616
1e+05,813,1470
1e+05,814,6408
1e+05,815,2287
1e+05,816,2006
1e+05,817,2703
1e+05,818,2780
1e+05,819,1617
1e+05,820,30584
1e+05,821,1768
1e+05,822,1735
1e+05,823,2383
1e+05,824,2213
1e+05,825,1645
1e+05,826,3135
1e+05,827,1822
1e+05,828,3946
1e+05,829,2489
1e+05,830,5940
1e+05,831,3444
1e+05,832,2108
1e+05,833,2507
1e+05,834,7297
1e+05,835,4454
1e+05,836,3634
1e+05,837,2050
1e+05,838,1607
1e+05,839,1221
1e+05,840,7171
1e+05,841,4034
1e+05,842,2990
1e+05,843,1540
1e+05,844,11521
1e+05,845,1505
1e+05,846,1459
1e+05,847,5474
1e+05,848,1813
1e+05,849,9510
1e+05,850,2460
1e+05,851,1498
1e+05,852,2400
1e+05,853,2115
1e+05,854,2034
1e+05,855,2246
1e+05,856,1876
1e+05,857,5619
1e+05,858,5352
1e+05,859,8028
1e+05,860,12147
1e+05,861,11299
1e+05,862,2867
1e+05,863,5068
1e+05,864,19602
1e+05,865,15554
1e+05,866,5529
1e+05,867,7207
1e+05,868,1590
1e+05,869,9065
1e+05,870,2245
1e+05,871,1803
1e+05,872,5200
1e+05,873,9828
1e+05,874,3322
1e+05,875,3907
1e+05,876,1834
1e+05,877,1774
1e+05,878,3680
1e+05,879,1537
1e+05,880,4126
1e+05,881,1883
1e+05,882,15008
1e+05,883,1330
1e+05,884,1588
1e+05,885,6445
1e+05,886,1043
1e+05,887,769
1e+05,888,3260
1e+05,889,15338
1e+05,890,12025
1e+05,891,4855
1e+05,892,6462
1e+05,893,2268
1e+05,894,1857
1e+05,895,1544
1e+05,896,4720
1e+05,897,1525
1e+05,898,4989
1e+05,899,8952
1e+05,900,1914
1e+05,901,5658
1e+05,902,2311
1e+05,903,1546
1e+05,904,2394
1e+05,905,809
1e+05,906,916
1e+05,907,32770
1e+05,908,3422
1e+05,909,10363
1e+05,910,2355
1e+05,911,2621
1e+05,912,12655
1e+05,913,3285
1e+05,914,1700
1e+05,915,5038
1e+05,916,1329
1e+05,917,3495
1e+05,918,7226
1e+05,919,2893
1e+05,920,2819
1e+05,921,5191
1e+05,922,9469
1e+05,923,2204
1e+05,924,2018
1e+05,925,2358
1e+05,926,5934
1e+05,927,9938
1e+05,928,1346
1e+05,929,2954
1e+05,930,782
1e+05,931,904
1e+05,932,2193
1e+05,933,1290
1e+05,934,1836
1e+05,935,1947
1e+05,936,2433
1e+05,937,3028
1e+05,938,1879
1e+05,939,1979
1e+05,940,2404
1e+05,941,3908
1e+05,942,4782
1e+05,943,1489
1e+05,944,2640
1e+05,945,5520
1e+05,946,6735
1e+05,947,11863
1e+05,948,1201
1e+05,949,2373
1e+05,950,996
1e+05,951,1960
1e+05,952,3588
1e+05,953,1415
1e+05,954,2775
1e+05,955,17420
1e+05,956,2591
1e+05,957,2122
1e+05,958,9721
1e+05,959,2149
1e+05,960,2323
1e+05,961,5672
1e+05,962,50452
1e+05,963,888
1e+05,964,2127
1e+05,965,3497
1e+05,966,663
1e+05,967,2693
1e+05,968,17427
1e+05,969,982
1e+05,970,2619
1e+05,971,1438
1e+05,972,3934
1e+05,973,1417
1e+05,974,2794
1e+05,975,1822
1e+05,976,890
1e+05,977,1649
1e+05,978,2334
1e+05,979,1553
1e+05,980,3559
1e+05,981,9265
1e+05,982,777
1e+05,983,1119
1e+05,984,1198
1e+05,985,1493
1e+05,986,1623
1e+05,987,3817
1e+05,988,2441
1e+05,989,2465
1e+05,990,3153
1e+05,991,3616
1e+05,992,1336
1e+05,993,5800
1e+05,994,3876
1e+05,995,12013
1e+05,996,3489
1e+05,997,3221
1e+05,998,2857
1e+05,999,714
1e+05,1000,8366
1e+06,1,309039
1e+06,2,126026
1e+06,3,14716
1e+06,4,14571
1e+06,5,30661
1e+06,6,88913
1e+06,7,13478
1e+06,8,8055
1e+06,9,15248
1e+06,10,28366
1e+06,11,11928
1e+06,12,10988
1e+06,13,37818
1e+06,14,19469
1e+06,15,6661
1e+06,16,8769
1e+06,17,20512
1e+06,18,10781
1e+06,19,12385
1e+06,20,12226
1e+06,21,8805
1e+06,22,36938
1e+06,23,11079
1e+06,24,24269
1e+06,25,40498
1e+06,26,13032
1e+06,27,19124
1e+06,28,4725
1e+06,29,13259
1e+06,30,15030
1e+06,31,13014
1e+06,32,20336
1e+06,33,7291
1e+06,34,8070
1e+06,35,9787
1e+06,36,12501
1e+06,37,14683
1e+06,38,14663
1e+06,39,7850
1e+06,40,12380
1e+06,41,9008
1e+06,42,10933
1e+06,43,6838
1e+06,44,19015
1e+06,45,14515
1e+06,46,13671
1e+06,47,7765
1e+06,48,18601
1e+06,49,13753
1e+06,50,5250
1e+06,51,4996
1e+06,52,10070
1e+06,53,19926
1e+06,54,5624
1e+06,55,37948
1e+06,56,19015
1e+06,57,13231
1e+06,58,23054
1e+06,59,5005
1e+06,60,7842
1e+06,61,11401
1e+06,62,44730
1e+06,63,13300
1e+06,64,9894
1e+06,65,14325
1e+06,66,371083
1e+06,67,42686
1e+06,68,6852
1e+06,69,6057
1e+06,70,10980
1e+06,71,8515
1e+06,72,11762
1e+06,73,12731
1e+06,74,9039
1e+06,75,8139
1e+06,76,9128
1e+06,77,7563
1e+06,78,6946
1e+06,79,19085
1e+06,80,45813
1e+06,81,10664
1e+06,82,5131
1e+06,83,16888
1e+06,84,3555
1e+06,85,33294
1e+06,86,21143
1e+06,87,5028
1e+06,88,20846
1e+06,89,11085
1e+06,90,12624
1e+06,91,5778
1e+06,92,22991
1e+06,93,17098
1e+06,94,10982
1e+06,95,6617
1e+06,96,15886
1e+06,97,26891
1e+06,98,27208
1e+06,99,35803
1e+06,100,23837
1e+06,101,8987
1e+06,102,7780
1e+06,103,22274
1e+06,104,11811
1e+06,105,19839
1e+06,106,8022
1e+06,107,14567
1e+06,108,6557
1e+06,109,8863
1e+06,110,20568
1e+06,111,70386
1e+06,112,17622
1e+06,113,14627
1e+06,114,6219
1e+06,115,7278
1e+06,116,7879
1e+06,117,23503
1e+06,118,72284
1e+06,119,16617
1e+06,120,10768
1e+06,121,12100
1e+06,122,9405
1e+06,123,6620
1e+06,124,11399
1e+06,125,5584
1e+06,126,5068
1e+06,127,11061
1e+06,128,72946
1e+06,129,13206
1e+06,130,16315
1e+06,131,161787
1e+06,132,14974
1e+06,133,9222
1e+06,134,10481
1e+06,135,8789
1e+06,136,6572
1e+06,137,13921
1e+06,138,5901
1e+06,139,11979
1e+06,140,11901
1e+06,141,11504
1e+06,142,21276
1e+06,143,30789
1e+06,144,43771
1e+06,145,12011
1e+06,146,26763
1e+06,147,12465
1e+06,148,16667
1e+06,149,8640
1e+06,150,13406
1e+06,151,4058
1e+06,152,34856
1e+06,153,26546
1e+06,154,6788
1e+06,155,23675
1e+06,156,9234
1e+06,157,8026
1e+06,158,8324
1e+06,159,4652
1e+06,160,6222
1e+06,161,8290
1e+06,162,8787
1e+06,163,13114
1e+06,164,27594
1e+06,165,10379
1e+06,166,11921
1e+06,167,7000
1e+06,168,4829
1e+06,169,10661
1e+06,170,6333
1e+06,171,27953
1e+06,172,7441
1e+06,173,16112
1e+06,174,166883
1e+06,175,76246
1e+06,176,16174
1e+06,177,12866
1e+06,178,10389
1e+06,179,22519
1e+06,180,45883
1e+06,181,8148
1e+06,182,14253
1e+06,183,5853
1e+06,184,7674
1e+06,185,7023
1e+06,186,24947
1e+06,187,18250
1e+06,188,4402
1e+06,189,27361
1e+06,190,6025
1e+06,191,15160
1e+06,192,5831
1e+06,193,14839
1e+06,194,7382
1e+06,195,8281
1e+06,196,14028
1e+06,197,18586
1e+06,198,23743
1e+06,199,12863
1e+06,200,20281
1e+06,201,12805
1e+06,202,21804
1e+06,203,37948
1e+06,204,9381
1e+06,205,11877
1e+06,206,5904
1e+06,207,7351
1e+06,208,29869
1e+06,209,166883
1e+06,210,9695
1e+06,211,16077
1e+06,212,4905
1e+06,213,8190
1e+06,214,21286
1e+06,215,27933
1e+06,216,7305
1e+06,217,15986
1e+06,218,6504
1e+06,219,12728
1e+06,220,10294
1e+06,221,6277
1e+06,222,32983
1e+06,223,11854
1e+06,224,18406
1e+06,225,212001
1e+06,226,9208
1e+06,227,7461
1e+06,228,16678
1e+06,229,6750
1e+06,230,31316
1e+06,231,8019
1e+06,232,7553
1e+06,233,29354
1e+06,234,15289
1e+06,235,8605
1e+06,236,5087
1e+06,237,15951
1e+06,238,5943
1e+06,239,13213
1e+06,240,11425
1e+06,241,7984
1e+06,242,48509
1e+06,243,3199
1e+06,244,384702
1e+06,245,59490
1e+06,246,13166
1e+06,247,5540
1e+06,248,41832
1e+06,249,6202
1e+06,250,20512
1e+06,251,11930
1e+06,252,8493
1e+06,253,5394
1e+06,254,7631
1e+06,255,16535
1e+06,256,10308
1e+06,257,14711
1e+06,258,15125
1e+06,259,4704
1e+06,260,69781
1e+06,261,47567
1e+06,262,15038
1e+06,263,79117
1e+06,264,22856
1e+06,265,14138
1e+06,266,9790
1e+06,267,13371
1e+06,268,10358
1e+06,269,9592
1e+06,270,37732
1e+06,271,12401
1e+06,272,5176
1e+06,273,10523
1e+06,274,11051
1e+06,275,13096
1e+06,276,6058
1e+06,277,20236
1e+06,278,66580
1e+06,279,16934
1e+06,280,8605
1e+06,281,5730
1e+06,282,6310
1e+06,283,19805
1e+06,284,17706
1e+06,285,19494
1e+06,286,42055
1e+06,287,51267
1e+06,288,16352
1e+06,289,21925
1e+06,290,17732
1e+06,291,15329
1e+06,292,5389
1e+06,293,19469
1e+06,294,11750
1e+06,295,23016
1e+06,296,20964
1e+06,297,6946
1e+06,298,6609
1e+06,299,4620
1e+06,300,49415
1e+06,301,23837
1e+06,302,26600
1e+06,303,17584
1e+06,304,11892
1e+06,305,5295
1e+06,306,7152
1e+06,307,25890
1e+06,308,16289
1e+06,309,19235
1e+06,310,6613
1e+06,311,8957
1e+06,312,15673
1e+06,313,5546
1e+06,314,15090
1e+06,315,12213
1e+06,316,11904
1e+06,317,26493
1e+06,318,7552
1e+06,319,11069
1e+06,320,5197
1e+06,321,45883
1e+06,322,7734
1e+06,323,8612
1e+06,324,8658
1e+06,325,7003
1e+06,326,16905
1e+06,327,7422
1e+06,328,58570
1e+06,329,7446
1e+06,330,17483
1e+06,331,9593
1e+06,332,9468
1e+06,333,6371
1e+06,334,14025
1e+06,335,6011
1e+06,336,16723
1e+06,337,8117
1e+06,338,28773
1e+06,339,31952
1e+06,340,18734
1e+06,341,48752
1e+06,342,21826
1e+06,343,4331
1e+06,344,9029
1e+06,345,27555
1e+06,346,61011
1e+06,347,6794
1e+06,348,51175
1e+06,349,5828
1e+06,350,7171
1e+06,351,7968
1e+06,352,57562
1e+06,353,34856
1e+06,354,90027
1e+06,355,5024
1e+06,356,8460
1e+06,357,5598
1e+06,358,11249
1e+06,359,26008
1e+06,360,42282
1e+06,361,16797
1e+06,362,14931
1e+06,363,246942
1e+06,364,15275
1e+06,365,7262
1e+06,366,17970
1e+06,367,56011
1e+06,368,9020
1e+06,369,41611
1e+06,370,165140
1e+06,371,10994
1e+06,372,9811
1e+06,373,52309
1e+06,374,6516
1e+06,375,12572
1e+06,376,9514
1e+06,377,14238
1e+06,378,13678
1e+06,379,10597
1e+06,380,39266
1e+06,381,8169
1e+06,382,15971
1e+06,383,13600
1e+06,384,13864
1e+06,385,12913
1e+06,386,6405
1e+06,387,10134
1e+06,388,11329
1e+06,389,14539
1e+06,390,14387
1e+06,391,7093
1e+06,392,6611
1e+06,393,67853
1e+06,394,14152
1e+06,395,31699
1e+06,396,14460
1e+06,397,9464
1e+06,398,6128
1e+06,399,39845
1e+06,400,12981
1e+06,401,20066
1e+06,402,26964
1e+06,403,6026
1e+06,404,15042
1e+06,405,8850
1e+06,406,9390
1e+06,407,80513
1e+06,408,13244
1e+06,409,10768
1e+06,410,11128
1e+06,411,5986
1e+06,412,9665
1e+06,413,22819
1e+06,414,5629
1e+06,415,22014
1e+06,416,7949
1e+06,417,55896
1e+06,418,3873
1e+06,419,7811
1e+06,420,7820
1e+06,421,18071
1e+06,422,8808
1e+06,423,24826
1e+06,424,8724
1e+06,425,7058
1e+06,426,10762
1e+06,427,4397
1e+06,428,7243
1e+06,429,13760
1e+06,430,30635
1e+06,431,29562
1e+06,432,16701
1e+06,433,7878
1e+06,434,11909
1e+06,435,6383
1e+06,436,20373
1e+06,437,14635
1e+06,438,20146
1e+06,439,19627
1e+06,440,11299
1e+06,441,16247
1e+06,442,23582
1e+06,443,31209
1e+06,444,13999
1e+06,445,24781
1e+06,446,12065
1e+06,447,10053
1e+06,448,6076
1e+06,449,21696
1e+06,450,14057
1e+06,451,9382
1e+06,452,9772
1e+06,453,208849
1e+06,454,8786
1e+06,455,12737
1e+06,456,6801
1e+06,457,5529
1e+06,458,11741
1e+06,459,46670
1e+06,460,8821
1e+06,461,14054
1e+06,462,13172
1e+06,463,11804
1e+06,464,12797
1e+06,465,19404
1e+06,466,9140
1e+06,467,29082
1e+06,468,23662
1e+06,469,27246
1e+06,470,27994
1e+06,471,5394
1e+06,472,6750
1e+06,473,21358
1e+06,474,7813
1e+06,475,6303
1e+06,476,8589
1e+06,477,17476
1e+06,478,9766
1e+06,479,46380
1e+06,480,3722
1e+06,481,13332
1e+06,482,30737
1e+06,483,10984
1e+06,484,3668
1e+06,485,19267
1e+06,486,237961
1e+06,487,7234
1e+06,488,3289
1e+06,489,21265
1e+06,490,20798
1e+06,491,26511
1e+06,492,48429
1e+06,493,19610
1e+06,494,6007
1e+06,495,3305
1e+06,496,8861
1e+06,497,12117
1e+06,498,10333
1e+06,499,384702
1e+06,500,5473
1e+06,501,8999
1e+06,502,4533
1e+06,503,46094
1e+06,504,16283
1e+06,505,43709
1e+06,506,36300
1e+06,507,10922
1e+06,508,7758
1e+06,509,8837
1e+06,510,49755
1e+06,511,11004
1e+06,512,11043
1e+06,513,34203
1e+06,514,10340
1e+06,515,4525
1e+06,516,16405
1e+06,517,36736
1e+06,518,27994
1e+06,519,15832
1e+06,520,7037
1e+06,521,13219
1e+06,522,10923
1e+06,523,17527
1e+06,524,13468
1e+06,525,68040
1e+06,526,8584
1e+06,527,5683
1e+06,528,10236
1e+06,529,7589
1e+06,530,4458
1e+06,531,6241
1e+06,532,8944
1e+06,533,20827
1e+06,534,15687
1e+06,535,166883
1e+06,536,4744
1e+06,537,13422
1e+06,538,14720
1e+06,539,14201
1e+06,540,17458
1e+06,541,9628
1e+06,542,46670
1e+06,543,6252
1e+06,544,77003
1e+06,545,17069
1e+06,546,7756
1e+06,547,4871
1e+06,548,9047
1e+06,549,21164
1e+06,550,68800
1e+06,551,15749
1e+06,552,12846
1e+06,553,53000
1e+06,554,31076
1e+06,555,47721
1e+06,556,5407
1e+06,557,19437
1e+06,558,109213
1e+06,559,11367
1e+06,560,6775
1e+06,561,7157
1e+06,562,23321
1e+06,563,44085
1e+06,564,12183
1e+06,565,12080
1e+06,566,23503
1e+06,567,16190
1e+06,568,7306
1e+06,569,9116
1e+06,570,4772
1e+06,571,90790
1e+06,572,7644
1e+06,573,5677
1e+06,574,28261
1e+06,575,5879
1e+06,576,10818
1e+06,577,11519
1e+06,578,19023
1e+06,579,17451
1e+06,580,15125
1e+06,581,12887
1e+06,582,4571
1e+06,583,6662
1e+06,584,17889
1e+06,585,13722
1e+06,586,6959
1e+06,587,20503
1e+06,588,22782
1e+06,589,6236
1e+06,590,13008
1e+06,591,16331
1e+06,592,6705
1e+06,593,6194
1e+06,594,7611
1e+06,595,11320
1e+06,596,8830
1e+06,597,32209
1e+06,598,222220
1e+06,599,6054
1e+06,600,18885
1e+06,601,7041
1e+06,602,25241
1e+06,603,8807
1e+06,604,7942
1e+06,605,11559
1e+06,606,13451
1e+06,607,16427
1e+06,608,10792
1e+06,609,5995
1e+06,610,12863
1e+06,611,5161
1e+06,612,57316
1e+06,613,19179
1e+06,614,11247
1e+06,615,27020
1e+06,616,54562
1e+06,617,7965
1e+06,618,242347
1e+06,619,12969
1e+06,620,108006
1e+06,621,21194
1e+06,622,10835
1e+06,623,11154
1e+06,624,10652
1e+06,625,24398
1e+06,626,59357
1e+06,627,53819
1e+06,628,4868
1e+06,629,41178
1e+06,630,12981
1e+06,631,17577
1e+06,632,15060
1e+06,633,21761
1e+06,634,4567
1e+06,635,10052
1e+06,636,28993
1e+06,637,6357
1e+06,638,6228
1e+06,639,15649
1e+06,640,8082
1e+06,641,9092
1e+06,642,5997
1e+06,643,15191
1e+06,644,13949
1e+06,645,4784
1e+06,646,8836
1e+06,647,9812
1e+06,648,4039
1e+06,649,19404
1e+06,650,15654
1e+06,651,5657
1e+06,652,10755
1e+06,653,23906
1e+06,654,10228
1e+06,655,660561
1e+06,656,60869
1e+06,657,6480
1e+06,658,4113
1e+06,659,15388
1e+06,660,13557
1e+06,661,19132
1e+06,662,15536
1e+06,663,7685
1e+06,664,11704
1e+06,665,11170
1e+06,666,6808
1e+06,667,21174
1e+06,668,14586
1e+06,669,54998
1e+06,670,12150
1e+06,671,22807
1e+06,672,5155
1e+06,673,13188
1e+06,674,9765
1e+06,675,25116
1e+06,676,71852
1e+06,677,12550
1e+06,678,8309
1e+06,679,7705
1e+06,680,22390
1e+06,681,8565
1e+06,682,12984
1e+06,683,108006
1e+06,684,18771
1e+06,685,20391
1e+06,686,10217
1e+06,687,7920
1e+06,688,4026
1e+06,689,5921
1e+06,690,19635
1e+06,691,9394
1e+06,692,24255
1e+06,693,59896
1e+06,694,5588
1e+06,695,6049
1e+06,696,32152
1e+06,697,5184
1e+06,698,16606
1e+06,699,17395
1e+06,700,8656
1e+06,701,16331
1e+06,702,5122
1e+06,703,11029
1e+06,704,10453
1e+06,705,11282
1e+06,706,7180
1e+06,707,48834
1e+06,708,20836
1e+06,709,12834
1e+06,710,27419
1e+06,711,31263
1e+06,712,5269
1e+06,713,13323
1e+06,714,13600
1e+06,715,10753
1e+06,716,20382
1e+06,717,32831
1e+06,718,7066
1e+06,719,9997
1e+06,720,15564
1e+06,721,8875
1e+06,722,13577
1e+06,723,16123
1e+06,724,14643
1e+06,725,7069
1e+06,726,15832
1e+06,727,4827
1e+06,728,9563
1e+06,729,33014
1e+06,730,9457
1e+06,731,13123
1e+06,732,5002
1e+06,733,12015
1e+06,734,10283
1e+06,735,8342
1e+06,736,18314
1e+06,737,12533
1e+06,738,13921
1e+06,739,3625
1e+06,740,18244
1e+06,741,34716
1e+06,742,6416
1e+06,743,10953
1e+06,744,5084
1e+06,745,8015
1e+06,746,8933
1e+06,747,17514
1e+06,748,16174
1e+06,749,11382
1e+06,750,21174
1e+06,751,15701
1e+06,752,20391
1e+06,753,23729
1e+06,754,39313
1e+06,755,8452
1e+06,756,91570
1e+06,757,4991
1e+06,758,11391
1e+06,759,8219
1e+06,760,13374
1e+06,761,124305
1e+06,762,26076
1e+06,763,16051
1e+06,764,27792
1e+06,765,9607
1e+06,766,5867
1e+06,767,66580
1e+06,768,29774
1e+06,769,19917
1e+06,770,8211
1e+06,771,5098
1e+06,772,13451
1e+06,773,9578
1e+06,774,29377
1e+06,775,10734
1e+06,776,13458
1e+06,777,18264
1e+06,778,36418
1e+06,779,9607
1e+06,780,68608
1e+06,781,26475
1e+06,782,22228
1e+06,783,4073
1e+06,784,36655
1e+06,785,9900
1e+06,786,39361
1e+06,787,7002
1e+06,788,12193
1e+06,789,35321
1e+06,790,83816
1e+06,791,11613
1e+06,792,5276
1e+06,793,27852
1e+06,794,8211
1e+06,795,28220
1e+06,796,65707
1e+06,797,12934
1e+06,798,5492
1e+06,799,13105
1e+06,800,43100
1e+06,801,7951
1e+06,802,10893
1e+06,803,16221
1e+06,804,15946
1e+06,805,35878
1e+06,806,23244
1e+06,807,8796
1e+06,808,7197
1e+06,809,9705
1e+06,810,8768
1e+06,811,10523
1e+06,812,24398
1e+06,813,6071
1e+06,814,5905
1e+06,815,4971
1e+06,816,11011
1e+06,817,3481
1e+06,818,8467
1e+06,819,13355
1e+06,820,16368
1e+06,821,10732
1e+06,822,15094
1e+06,823,8825
1e+06,824,17929
1e+06,825,10410
1e+06,826,17128
1e+06,827,88549
1e+06,828,10966
1e+06,829,5159
1e+06,830,176342
1e+06,831,8888
1e+06,832,9240
1e+06,833,19023
1e+06,834,5633
1e+06,835,8960
1e+06,836,8734
1e+06,837,161787
1e+06,838,7007
1e+06,839,20720
1e+06,840,8645
1e+06,841,4775
1e+06,842,9140
1e+06,843,4690
1e+06,844,149906
1e+06,845,10157
1e+06,846,6177
1e+06,847,6743
1e+06,848,13438
1e+06,849,12577
1e+06,850,30712
1e+06,851,6340
1e+06,852,12047
1e+06,853,14740
1e+06,854,5078
1e+06,855,51453
1e+06,856,9255
1e+06,857,194682
1e+06,858,9974
1e+06,859,15406
1e+06,860,23851
1e+06,861,3525
1e+06,862,11150
1e+06,863,25512
1e+06,864,5516
1e+06,865,5931
1e+06,866,18594
1e+06,867,8015
1e+06,868,4169
1e+06,869,76749
1e+06,870,10530
1e+06,871,10764
1e+06,872,6149
1e+06,873,8688
1e+06,874,17949
1e+06,875,9246
1e+06,876,41339
1e+06,877,6838
1e+06,878,17116
1e+06,879,11453
1e+06,880,10572
1e+06,881,14090
1e+06,882,14390
1e+06,883,15721
1e+06,884,32561
1e+06,885,62031
1e+06,886,13491
1e+06,887,149906
1e+06,888,22819
1e+06,889,36379
1e+06,890,8772
1e+06,891,25352
1e+06,892,5799
1e+06,893,13935
1e+06,894,13971
1e+06,895,12155
1e+06,896,7216
1e+06,897,12130
1e+06,898,23542
1e+06,899,5055
1e+06,900,15630
1e+06,901,21674
1e+06,902,21063
1e+06,903,16174
1e+06,904,48111
1e+06,905,4094
1e+06,906,9430
1e+06,907,8816
1e+06,908,9846
1e+06,909,9819
1e+06,910,71425
1e+06,911,7957
1e+06,912,12105
1e+06,913,8089
1e+06,914,12771
1e+06,915,23837
1e+06,916,15706
1e+06,917,12383
1e+06,918,130601
1e+06,919,36576
1e+06,920,5191
1e+06,921,27973
1e+06,922,4668
1e+06,923,8253
1e+06,924,7141
1e+06,925,57685
1e+06,926,8358
1e+06,927,14433
1e+06,928,5498
1e+06,929,30508
1e+06,930,7552
1e+06,931,5969
1e+06,932,7178
1e+06,933,10432
1e+06,934,9749
1e+06,935,16530
1e+06,936,9041
1e+06,937,122642
1e+06,938,72946
1e+06,939,4860
1e+06,940,8009
1e+06,941,21255
1e+06,942,22092
1e+06,943,9004
1e+06,944,16226
1e+06,945,11753
1e+06,946,17433
1e+06,947,24932
1e+06,948,9662
1e+06,949,15138
1e+06,950,6528
1e+06,951,39218
1e+06,952,31644
1e+06,953,12343
1e+06,954,161787
1e+06,955,18293
1e+06,956,15687
1e+06,957,57562
1e+06,958,14321
1e+06,959,17546
1e+06,960,4410
1e+06,961,6336
1e+06,962,14647
1e+06,963,5687
1e+06,964,5139
1e+06,965,7883
1e+06,966,19404
1e+06,967,18195
1e+06,968,21225
1e+06,969,8985
1e+06,970,4037
1e+06,971,10579
1e+06,972,12569
1e+06,973,26405
1e+06,974,13999
1e+06,975,10089
1e+06,976,32009
1e+06,977,7802
1e+06,978,40043
1e+06,979,7625
1e+06,980,16667
1e+06,981,34236
1e+06,982,65197
1e+06,983,9775
1e+06,984,15107
1e+06,985,24558
1e+06,986,5088
1e+06,987,7142
1e+06,988,3426
1e+06,989,7633
1e+06,990,10253
1e+06,991,14711
1e+06,992,33708
1e+06,993,35141
1e+06,994,18098
1e+06,995,7104
1e+06,996,17876
1e+06,997,41776
1e+06,998,14035
1e+06,999,16299
1e+06,1000,10786
